Country Name,Country Code,1991,1992,1993,1994,1995,1996,1997,1998,1999,2000,2001,2002,2003,2004,2005,2006,2007,2008,2009,2010,2011,2012,2013,2014,2015,2016,2017,2018,2019,2020,2021
Africa Eastern and Southern,AFE,7.8 lacs,7.84 lacs,7.85 lacs,7.84 lacs,7.83 lacs,7.84 lacs,7.86 lacs,7.81 lacs,7.79 lacs,7.72 lacs,7.73 lacs,7.96 lacs,7.79 lacs,7.31 lacs,7.12 lacs,6.99 lacs,6.74 lacs,6.27 lacs,6.32 lacs,6.87 lacs,6.75 lacs,6.56 lacs,6.45 lacs,6.41 lacs,6.49 lacs,6.61 lacs,6.71 lacs,6.73 lacs,6.91 lacs,7.56 lacs,8.11 lacs
Afghanistan,AFG,10.65 lacs,10.82 lacs,10.72 lacs,10.73 lacs,11.18 lacs,10.96 lacs,10.78 lacs,10.8 lacs,10.81 lacs,10.81 lacs,10.81 lacs,11.26 lacs,11.14 lacs,10.99 lacs,11.22 lacs,11.1 lacs,11.3 lacs,11.09 lacs,11.31 lacs,11.35 lacs,11.05 lacs,11.34 lacs,11.19 lacs,11.14 lacs,11.13 lacs,11.16 lacs,11.18 lacs,11.15 lacs,11.22 lacs,11.71 lacs,13.28 lacs
Africa Western and Central,AFW,4.42 lacs,4.53 lacs,4.55 lacs,4.54 lacs,4.53 lacs,4.57 lacs,4.6 lacs,4.66 lacs,4.86 lacs,4.92 lacs,4.87 lacs,4.78 lacs,4.75 lacs,4.73 lacs,4.73 lacs,4.65 lacs,4.63 lacs,4.6 lacs,4.58 lacs,4.55 lacs,4.55 lacs,4.64 lacs,4.41 lacs,4.69 lacs,4.63 lacs,5.57 lacs,6.02 lacs,6.04 lacs,6.06 lacs,6.77 lacs,6.84 lacs
Angola,AGO,4.21 lacs,4.21 lacs,4.23 lacs,4.16 lacs,4.11 lacs,4.1 lacs,4.09 lacs,4.07 lacs,4.05 lacs,4.03 lacs,4 lacs,3.96 lacs,3.96 lacs,3.92 lacs,3.88 lacs,3.86 lacs,3.82 lacs,3.79 lacs,3.78 lacs,9.43 lacs,7.36 lacs,7.35 lacs,7.37 lacs,7.37 lacs,7.39 lacs,7.41 lacs,7.41 lacs,7.42 lacs,7.42 lacs,8.33 lacs,8.53 lacs
Albania,ALB,10.31 lacs,30.01 lacs,25.26 lacs,20.84 lacs,14.61 lacs,13.93 lacs,16.88 lacs,20.05 lacs,20.84 lacs,19.03 lacs,18.58 lacs,17.9 lacs,16.99 lacs,16.31 lacs,15.97 lacs,15.63 lacs,15.97 lacs,13.06 lacs,13.67 lacs,14.09 lacs,13.48 lacs,13.38 lacs,15.87 lacs,18.05 lacs,17.19 lacs,15.42 lacs,13.62 lacs,12.3 lacs,11.47 lacs,13.33 lacs,11.82 lacs
Arab World,ARB,11.62 lacs,12.12 lacs,12.86 lacs,12.95 lacs,13.32 lacs,12.38 lacs,11.95 lacs,11.97 lacs,12.11 lacs,12.6 lacs,12.47 lacs,12.47 lacs,12.39 lacs,11.35 lacs,11.2 lacs,10.43 lacs,10.03 lacs,9.72 lacs,9.33 lacs,9.4 lacs,10.48 lacs,10.66 lacs,10.74 lacs,10.87 lacs,10.97 lacs,10.76 lacs,10.9 lacs,10.5 lacs,10.01 lacs,11.49 lacs,11.63 lacs
United Arab Emirates,ARE,1.87 lacs,1.84 lacs,1.85 lacs,1.81 lacs,1.8 lacs,1.9 lacs,1.98 lacs,2.14 lacs,2.22 lacs,2.25 lacs,2.49 lacs,2.65 lacs,2.75 lacs,2.91 lacs,3.12 lacs,2.94 lacs,2.87 lacs,2.74 lacs,2.68 lacs,2.48 lacs,2.3 lacs,2.18 lacs,2.04 lacs,1.91 lacs,1.77 lacs,1.64 lacs,2.46 lacs,2.35 lacs,2.23 lacs,3.19 lacs,3.36 lacs
Argentina,ARG,5.44 lacs,6.36 lacs,10.1 lacs,11.76 lacs,18.8 lacs,17.11 lacs,14.82 lacs,12.65 lacs,14.05 lacs,15 lacs,17.32 lacs,19.59 lacs,15.36 lacs,13.52 lacs,11.51 lacs,10.08 lacs,8.47 lacs,7.84 lacs,8.65 lacs,7.71 lacs,7.18 lacs,7.22 lacs,7.1 lacs,7.27 lacs,7.52 lacs,8.11 lacs,8.35 lacs,9.22 lacs,9.84 lacs,11.46 lacs,10.9 lacs
Armenia,ARM,1.6 lacs,1.8 lacs,5.3 lacs,6.6 lacs,6.7 lacs,9.3 lacs,10.8 lacs,9.4 lacs,11.2 lacs,11.05 lacs,10.91 lacs,10.78 lacs,10.59 lacs,10.34 lacs,10.2 lacs,10 lacs,9.81 lacs,14.39 lacs,18.44 lacs,19.01 lacs,18.44 lacs,17.3 lacs,16.18 lacs,17.5 lacs,18.26 lacs,17.62 lacs,17.7 lacs,18.97 lacs,18.3 lacs,21.21 lacs,20.9 lacs
Australia,AUS,9.58 lacs,10.73 lacs,10.87 lacs,9.72 lacs,8.47 lacs,8.51 lacs,8.36 lacs,7.68 lacs,6.87 lacs,6.28 lacs,6.74 lacs,6.37 lacs,5.93 lacs,5.39 lacs,5.03 lacs,4.78 lacs,4.38 lacs,4.23 lacs,5.56 lacs,5.21 lacs,5.08 lacs,5.22 lacs,5.66 lacs,6.08 lacs,6.05 lacs,5.71 lacs,5.59 lacs,5.3 lacs,5.16 lacs,6.46 lacs,5.11 lacs
Austria,AUT,3.42 lacs,3.59 lacs,4.25 lacs,3.54 lacs,4.35 lacs,5.28 lacs,5.15 lacs,5.52 lacs,4.7 lacs,4.69 lacs,4.01 lacs,4.85 lacs,4.78 lacs,5.83 lacs,5.63 lacs,5.24 lacs,4.86 lacs,4.13 lacs,5.3 lacs,4.82 lacs,4.56 lacs,4.87 lacs,5.33 lacs,5.62 lacs,5.72 lacs,6.01 lacs,5.5 lacs,4.85 lacs,4.49 lacs,5.36 lacs,6.3 lacs
Azerbaijan,AZE,0.9 lacs,1.8 lacs,4.5 lacs,6.3 lacs,7.2 lacs,8.1 lacs,9.1 lacs,10 lacs,10.9 lacs,11.78 lacs,10.91 lacs,10.04 lacs,9.17 lacs,7.99 lacs,7.26 lacs,6.62 lacs,6.33 lacs,5.86 lacs,5.74 lacs,5.63 lacs,5.42 lacs,5.19 lacs,4.97 lacs,4.91 lacs,4.96 lacs,5 lacs,5 lacs,4.9 lacs,4.85 lacs,6.46 lacs,6.58 lacs
Burundi,BDI,1.51 lacs,1.53 lacs,1.56 lacs,1.56 lacs,1.58 lacs,1.59 lacs,1.57 lacs,1.56 lacs,1.58 lacs,1.59 lacs,1.59 lacs,1.59 lacs,1.61 lacs,1.6 lacs,1.62 lacs,1.61 lacs,1.63 lacs,1.63 lacs,1.62 lacs,1.61 lacs,1.6 lacs,1.59 lacs,1.58 lacs,1.57 lacs,1.6 lacs,1.59 lacs,1.59 lacs,1.59 lacs,1.59 lacs,1.71 lacs,1.79 lacs
Belgium,BEL,6.99 lacs,6.7 lacs,8.08 lacs,9.65 lacs,9.34 lacs,9.48 lacs,8.96 lacs,9.32 lacs,8.65 lacs,6.59 lacs,6.18 lacs,6.91 lacs,7.68 lacs,7.36 lacs,8.44 lacs,8.25 lacs,7.46 lacs,6.98 lacs,7.91 lacs,8.29 lacs,7.14 lacs,7.54 lacs,8.43 lacs,8.52 lacs,8.48 lacs,7.83 lacs,7.09 lacs,5.95 lacs,5.36 lacs,5.55 lacs,6.42 lacs
Benin,BEN,1.49 lacs,1.51 lacs,1.41 lacs,1.36 lacs,1.25 lacs,1.18 lacs,1.1 lacs,1.02 lacs,0.94 lacs,0.85 lacs,0.77 lacs,0.69 lacs,0.74 lacs,0.77 lacs,0.0000082 lacs,0.86 lacs,0.89 lacs,0.94 lacs,1 lacs,1.04 lacs,2.65 lacs,2.47 lacs,2.29 lacs,2.13 lacs,2.01 lacs,1.83 lacs,1.64 lacs,1.47 lacs,1.47 lacs,1.58 lacs,1.57 lacs
Burkina Faso,BFA,2.58 lacs,2.61 lacs,2.58 lacs,2.58 lacs,2.53 lacs,2.47 lacs,2.47 lacs,2.44 lacs,2.51 lacs,2.61 lacs,2.65 lacs,2.73 lacs,2.78 lacs,3.41 lacs,4 lacs,3.65 lacs,3.3 lacs,3.41 lacs,3.56 lacs,3.64 lacs,3.79 lacs,3.91 lacs,4.05 lacs,4.19 lacs,4.32 lacs,4.43 lacs,4.56 lacs,4.69 lacs,4.69 lacs,4.89 lacs,4.76 lacs
Bangladesh,BGD,2.2 lacs,2.33 lacs,2.36 lacs,2.38 lacs,2.48 lacs,2.51 lacs,2.69 lacs,2.9 lacs,3.06 lacs,3.27 lacs,3.62 lacs,3.9 lacs,4.32 lacs,4.26 lacs,4.25 lacs,3.59 lacs,4.13 lacs,4.57 lacs,5 lacs,3.38 lacs,3.77 lacs,4.12 lacs,4.43 lacs,4.38 lacs,4.37 lacs,4.35 lacs,4.37 lacs,4.41 lacs,4.44 lacs,5.41 lacs,5.23 lacs
Bulgaria,BGR,11.1 lacs,15.3 lacs,16.4 lacs,12.8 lacs,11.1 lacs,12.5 lacs,13.7 lacs,12.2 lacs,14.1 lacs,16.22 lacs,19.92 lacs,18.11 lacs,13.73 lacs,12.04 lacs,10.08 lacs,8.95 lacs,6.88 lacs,5.61 lacs,6.82 lacs,10.28 lacs,11.26 lacs,12.27 lacs,12.94 lacs,11.42 lacs,9.14 lacs,7.57 lacs,6.16 lacs,5.21 lacs,4.23 lacs,5.12 lacs,5.42 lacs
Bahrain,BHR,1.01 lacs,1.05 lacs,1.01 lacs,1.11 lacs,1.08 lacs,1.08 lacs,1.09 lacs,1.08 lacs,1.09 lacs,1.08 lacs,111.2 lacs,1.11 lacs,1.09 lacs,1.09 lacs,1.09 lacs,0.00011 lacs,1.09 lacs,1.11 lacs,1.14 lacs,1.13 lacs,1.18 lacs,1.2 lacs,1.18 lacs,1.19 lacs,1.2 lacs,1.19 lacs,1.18 lacs,1.2 lacs,1.2 lacs,1.78 lacs,1.87 lacs
"Bahamas, The",BHS,12.17 lacs,14.81 lacs,12.72 lacs,13.83 lacs,10.83 lacs,11.46 lacs,9.76 lacs,7.65 lacs,7.45 lacs,7.2 lacs,6.87 lacs,9.05 lacs,10.84 lacs,10.2 lacs,10.2 lacs,7.54 lacs,7.88 lacs,8.18 lacs,14.25 lacs,14.31 lacs,14.52 lacs,14.02 lacs,16.18 lacs,13.8 lacs,12 lacs,12.7 lacs,9.8 lacs,10 lacs,10.06 lacs,13.32 lacs,13.24 lacs
Bosnia and Herzegovina,BIH,17.55 lacs,18.3 lacs,19.32 lacs,20.71 lacs,21.77 lacs,22.77 lacs,23.61 lacs,24.49 lacs,25.09 lacs,25.78 lacs,26.61 lacs,27.55 lacs,28.36 lacs,29.37 lacs,30.41 lacs,31.11 lacs,28.98 lacs,23.41 lacs,24.07 lacs,27.31 lacs,27.58 lacs,28.01 lacs,27.49 lacs,27.52 lacs,27.69 lacs,25.41 lacs,20.53 lacs,18.4 lacs,15.69 lacs,15.27 lacs,15.22 lacs
Belarus,BLR,0.6 lacs,3.1 lacs,8.5 lacs,12.8 lacs,17.7 lacs,24.4 lacs,17.1 lacs,14 lacs,12.8 lacs,12.26 lacs,11.55 lacs,10.91 lacs,10.32 lacs,9.82 lacs,9.06 lacs,8.4 lacs,7.67 lacs,7.03 lacs,6.1 lacs,6.25 lacs,6.17 lacs,6.05 lacs,6.01 lacs,5.99 lacs,5.84 lacs,5.84 lacs,5.65 lacs,4.76 lacs,4.16 lacs,4.77 lacs,4.74 lacs
Belize,BLZ,9.7 lacs,9.69 lacs,9.78 lacs,11.1 lacs,12.48 lacs,13.82 lacs,12.68 lacs,14.31 lacs,12.84 lacs,10.85 lacs,9.07 lacs,10.04 lacs,10.24 lacs,10.59 lacs,10.91 lacs,9.39 lacs,8.51 lacs,8.18 lacs,8.25 lacs,8.24 lacs,8.28 lacs,8.31 lacs,8.35 lacs,8.24 lacs,7.58 lacs,7 lacs,6.6 lacs,6.64 lacs,6.71 lacs,8.46 lacs,8.22 lacs
Bolivia,BOL,2.96 lacs,3.26 lacs,3.08 lacs,3.08 lacs,2.75 lacs,2.44 lacs,2.08 lacs,2.13 lacs,2.44 lacs,2.38 lacs,2.48 lacs,2.49 lacs,2.54 lacs,2.5 lacs,2.54 lacs,2.58 lacs,2.65 lacs,2.6 lacs,2.97 lacs,2.61 lacs,2.25 lacs,2.07 lacs,2.44 lacs,2.02 lacs,3.11 lacs,3.5 lacs,3.65 lacs,3.52 lacs,3.82 lacs,7.9 lacs,8.51 lacs
Brazil,BRA,6.31 lacs,6.42 lacs,6.03 lacs,6.17 lacs,6.42 lacs,7.25 lacs,8.16 lacs,9.42 lacs,10.21 lacs,9.56 lacs,9.61 lacs,9.37 lacs,9.99 lacs,9.11 lacs,9.57 lacs,8.64 lacs,8.33 lacs,7.34 lacs,8.52 lacs,7.27 lacs,6.92 lacs,7.19 lacs,6.98 lacs,6.66 lacs,8.43 lacs,11.6 lacs,12.82 lacs,12.33 lacs,11.93 lacs,13.69 lacs,14.4 lacs
Barbados,BRB,22.67 lacs,22.94 lacs,24.54 lacs,22.98 lacs,19.66 lacs,14.71 lacs,14.61 lacs,12.4 lacs,10.61 lacs,9.35 lacs,9.85 lacs,10.32 lacs,11 lacs,9.57 lacs,9.08 lacs,8.73 lacs,7.41 lacs,8.12 lacs,10.02 lacs,10.69 lacs,11.19 lacs,11.59 lacs,11.55 lacs,12.17 lacs,9.8 lacs,8.25 lacs,8.62 lacs,8.32 lacs,8.41 lacs,10.38 lacs,10.41 lacs
Brunei Darussalam,BRN,4.7 lacs,4.86 lacs,4.82 lacs,5.03 lacs,5.18 lacs,5.24 lacs,5.19 lacs,5.33 lacs,5.57 lacs,5.68 lacs,5.78 lacs,5.94 lacs,6.01 lacs,6.02 lacs,6.13 lacs,6.41 lacs,6.33 lacs,6.35 lacs,6.47 lacs,6.77 lacs,6.94 lacs,6.92 lacs,6.88 lacs,6.97 lacs,7.78 lacs,8.38 lacs,9.32 lacs,8.7 lacs,6.92 lacs,7.68 lacs,7.65 lacs
Bhutan,BTN,1.41 lacs,1.45 lacs,1.41 lacs,1.43 lacs,1.45 lacs,1.42 lacs,1.4 lacs,1.4 lacs,1.4 lacs,1.59 lacs,1.9 lacs,1.89 lacs,1.8 lacs,2.49 lacs,3.1 lacs,3.13 lacs,3.7 lacs,3.65 lacs,3.96 lacs,3.32 lacs,3.23 lacs,2.05 lacs,2.87 lacs,2.63 lacs,2.45 lacs,2.49 lacs,2.45 lacs,2.44 lacs,2.5 lacs,3.65 lacs,4.33 lacs
Botswana,BWA,13.82 lacs,16.3 lacs,18.76 lacs,21.2 lacs,21.37 lacs,21.59 lacs,21.17 lacs,20.86 lacs,18.29 lacs,15.88 lacs,18.54 lacs,21.13 lacs,23.8 lacs,21.83 lacs,19.81 lacs,17.78 lacs,17.2 lacs,16.64 lacs,16.17 lacs,17.86 lacs,18.42 lacs,18.95 lacs,19.4 lacs,19.99 lacs,20.57 lacs,21.03 lacs,21.57 lacs,22.07 lacs,22.61 lacs,24.93 lacs,24.72 lacs
Central African Republic,CAF,5.62 lacs,5.69 lacs,5.72 lacs,5.72 lacs,5.7 lacs,5.74 lacs,5.76 lacs,5.71 lacs,5.68 lacs,5.61 lacs,5.69 lacs,5.8 lacs,5.81 lacs,5.72 lacs,5.7 lacs,5.66 lacs,5.61 lacs,5.47 lacs,5.49 lacs,5.67 lacs,5.61 lacs,5.55 lacs,5.52 lacs,5.53 lacs,5.61 lacs,5.65 lacs,5.65 lacs,5.61 lacs,5.62 lacs,6.36 lacs,6.57 lacs
Canada,CAN,10.32 lacs,11.2 lacs,11.38 lacs,10.4 lacs,9.49 lacs,9.62 lacs,9.1 lacs,8.28 lacs,7.58 lacs,6.83 lacs,7.22 lacs,7.66 lacs,7.57 lacs,7.19 lacs,6.76 lacs,6.32 lacs,6.04 lacs,6.14 lacs,8.34 lacs,8.06 lacs,7.51 lacs,7.29 lacs,7.07 lacs,6.91 lacs,6.91 lacs,7 lacs,6.34 lacs,5.83 lacs,5.66 lacs,9.46 lacs,7.51 lacs
Central Europe and the Baltics,CEB,9.25 lacs,10.13 lacs,11.53 lacs,11.37 lacs,10.84 lacs,10.18 lacs,9.16 lacs,8.95 lacs,10.39 lacs,12.43 lacs,13.22 lacs,13.73 lacs,12.93 lacs,12.92 lacs,12.04 lacs,10.09 lacs,7.8 lacs,6.6 lacs,8.49 lacs,9.9 lacs,9.79 lacs,9.98 lacs,10.05 lacs,8.95 lacs,7.82 lacs,6.49 lacs,5.3 lacs,4.32 lacs,3.78 lacs,4.37 lacs,4.5 lacs
Switzerland,CHE,1.78 lacs,2.81 lacs,3.72 lacs,3.88 lacs,3.33 lacs,3.71 lacs,4.2 lacs,3.6 lacs,3.15 lacs,2.67 lacs,2.49 lacs,2.92 lacs,4.12 lacs,4.32 lacs,4.44 lacs,4 lacs,3.65 lacs,3.35 lacs,4.12 lacs,4.8 lacs,4.4 lacs,4.48 lacs,4.75 lacs,4.83 lacs,4.8 lacs,4.92 lacs,4.8 lacs,4.71 lacs,4.39 lacs,4.82 lacs,5.32 lacs
Channel Islands,CHI,5.96 lacs,6.4 lacs,7.38 lacs,7.57 lacs,7.3 lacs,7.23 lacs,7.01 lacs,6.57 lacs,6.24 lacs,5.66 lacs,5.32 lacs,5.59 lacs,5.93 lacs,6.11 lacs,6.05 lacs,5.74 lacs,5.43 lacs,5.5 lacs,6.88 lacs,7.24 lacs,7.47 lacs,8.26 lacs,8.83 lacs,8.61 lacs,8.22 lacs,7.74 lacs,7.14 lacs,6.57 lacs,6.41 lacs,7.69 lacs,7.37 lacs
Chile,CHL,5.23 lacs,4.35 lacs,4.49 lacs,5.87 lacs,4.7 lacs,7.41 lacs,7.14 lacs,7.31 lacs,11.16 lacs,10.49 lacs,10.39 lacs,10.17 lacs,9.77 lacs,10.16 lacs,9.34 lacs,9.02 lacs,8.43 lacs,9.29 lacs,11.31 lacs,8.42 lacs,7.34 lacs,6.66 lacs,6.21 lacs,6.66 lacs,6.51 lacs,6.74 lacs,6.96 lacs,7.23 lacs,7.29 lacs,11.18 lacs,9.13 lacs
China,CHN,2.37 lacs,2.37 lacs,2.69 lacs,2.9 lacs,3 lacs,3.12 lacs,3.23 lacs,3.24 lacs,3.25 lacs,3.26 lacs,3.8 lacs,4.24 lacs,4.58 lacs,4.49 lacs,4.52 lacs,4.43 lacs,4.35 lacs,4.59 lacs,4.72 lacs,4.53 lacs,4.55 lacs,4.57 lacs,4.59 lacs,4.61 lacs,4.63 lacs,4.53 lacs,4.44 lacs,4.28 lacs,4.52 lacs,5 lacs,4.82 lacs
Cote d'Ivoire,CIV,6.61 lacs,6.7 lacs,5.85 lacs,4.99 lacs,4.1 lacs,4.09 lacs,4.11 lacs,4.1 lacs,4.34 lacs,4.58 lacs,4.8 lacs,5.03 lacs,5.26 lacs,5.46 lacs,5.69 lacs,5.92 lacs,6.14 lacs,6.37 lacs,6.59 lacs,6.84 lacs,7.13 lacs,7.22 lacs,4.25 lacs,3.7 lacs,3.15 lacs,2.6 lacs,3.27 lacs,3.29 lacs,3.32 lacs,3.49 lacs,3.47 lacs
Cameroon,CMR,7.5 lacs,7.61 lacs,7.8 lacs,7.81 lacs,7.93 lacs,8.06 lacs,7.93 lacs,7.82 lacs,7.7 lacs,7.59 lacs,7.46 lacs,6.7 lacs,5.93 lacs,5.14 lacs,4.4 lacs,3.73 lacs,3.06 lacs,3.41 lacs,3.77 lacs,4.11 lacs,3.96 lacs,3.82 lacs,3.67 lacs,3.53 lacs,3.55 lacs,3.58 lacs,3.6 lacs,3.62 lacs,3.64 lacs,3.84 lacs,3.87 lacs
"Congo, Dem. Rep.",COD,2.93 lacs,2.94 lacs,2.94 lacs,2.92 lacs,2.9 lacs,2.9 lacs,2.91 lacs,2.9 lacs,2.9 lacs,2.9 lacs,2.89 lacs,2.87 lacs,2.86 lacs,2.85 lacs,2.85 lacs,3.08 lacs,3.31 lacs,3.55 lacs,3.79 lacs,4.01 lacs,4.25 lacs,4.49 lacs,4.48 lacs,4.46 lacs,4.47 lacs,4.48 lacs,4.47 lacs,4.45 lacs,4.45 lacs,5.27 lacs,5.43 lacs
"Congo, Rep.",COG,20.07 lacs,20.05 lacs,20.07 lacs,20.09 lacs,20 lacs,19.98 lacs,20.01 lacs,19.96 lacs,19.99 lacs,19.9 lacs,19.91 lacs,19.88 lacs,19.9 lacs,19.85 lacs,19.8 lacs,19.86 lacs,20.03 lacs,19.98 lacs,20 lacs,20.07 lacs,20.18 lacs,20.18 lacs,20.32 lacs,20.31 lacs,20.45 lacs,20.56 lacs,20.56 lacs,20.61 lacs,20.62 lacs,22.84 lacs,23.01 lacs
Colombia,COL,10.12 lacs,9.44 lacs,7.8 lacs,8.25 lacs,8.72 lacs,11.81 lacs,12.14 lacs,15 lacs,20.06 lacs,20.52 lacs,15.04 lacs,14.48 lacs,13.22 lacs,12.74 lacs,11.06 lacs,11.29 lacs,10.25 lacs,10.49 lacs,11.29 lacs,10.98 lacs,10.11 lacs,9.74 lacs,9.05 lacs,8.57 lacs,8.3 lacs,8.69 lacs,8.87 lacs,9.11 lacs,9.96 lacs,15.04 lacs,14.34 lacs
Comoros,COM,5.11 lacs,4.99 lacs,4.99 lacs,5 lacs,4.91 lacs,4.9 lacs,4.83 lacs,4.81 lacs,4.77 lacs,4.68 lacs,4.69 lacs,4.65 lacs,4.61 lacs,4.57 lacs,4.92 lacs,5.28 lacs,5.64 lacs,5.98 lacs,6.34 lacs,6.69 lacs,7.05 lacs,7.41 lacs,7.76 lacs,8.14 lacs,8.14 lacs,8.1 lacs,8.09 lacs,8.08 lacs,8.08 lacs,9.22 lacs,9.45 lacs
Cabo Verde,CPV,11.27 lacs,11.21 lacs,11.19 lacs,11.12 lacs,11.12 lacs,11.11 lacs,11.08 lacs,11.05 lacs,11.03 lacs,10.98 lacs,11.01 lacs,10.96 lacs,10.93 lacs,10.87 lacs,10.85 lacs,10.8 lacs,10.73 lacs,10.73 lacs,10.73 lacs,10.67 lacs,10.88 lacs,11.12 lacs,11.35 lacs,11.57 lacs,11.8 lacs,12.01 lacs,12.24 lacs,12.17 lacs,12.22 lacs,15.31 lacs,15.42 lacs
Costa Rica,CRI,5.37 lacs,3.93 lacs,3.95 lacs,4.05 lacs,5.18 lacs,6.16 lacs,5.68 lacs,5.33 lacs,5.9 lacs,5.08 lacs,5.92 lacs,6.33 lacs,6.56 lacs,6.39 lacs,6.57 lacs,5.74 lacs,4.49 lacs,4.78 lacs,7.71 lacs,7.17 lacs,10.14 lacs,9.78 lacs,8.77 lacs,9.06 lacs,9 lacs,8.6 lacs,8.14 lacs,9.63 lacs,11.49 lacs,17.41 lacs,17.95 lacs
Caribbean small states,CSS,16.05 lacs,16.45 lacs,16.62 lacs,15.78 lacs,15.36 lacs,15.01 lacs,14.85 lacs,14.14 lacs,13.93 lacs,13.38 lacs,12.79 lacs,12.54 lacs,11.63 lacs,11.14 lacs,10.54 lacs,9.4 lacs,8.88 lacs,9.07 lacs,10.11 lacs,10.31 lacs,10.49 lacs,11.12 lacs,11.66 lacs,10.85 lacs,10.55 lacs,10.61 lacs,9.76 lacs,8.71 lacs,8.02 lacs,9.83 lacs,9.76 lacs
Cuba,CUB,7.9 lacs,8.06 lacs,8.28 lacs,8.14 lacs,8.27 lacs,7.61 lacs,7.1 lacs,6.23 lacs,6.26 lacs,5.45 lacs,4.08 lacs,3.31 lacs,2.33 lacs,1.85 lacs,1.95 lacs,1.91 lacs,1.79 lacs,1.58 lacs,1.67 lacs,2.5 lacs,3.18 lacs,3.46 lacs,3.29 lacs,2.7 lacs,2.4 lacs,2 lacs,1.7 lacs,1.7 lacs,1.74 lacs,2.62 lacs,2.76 lacs
Cyprus,CYP,3 lacs,2.09 lacs,2.7 lacs,2.7 lacs,2.6 lacs,3.1 lacs,3.4 lacs,3.3 lacs,5.7 lacs,4.97 lacs,3.98 lacs,3.3 lacs,4.14 lacs,4.33 lacs,5.3 lacs,4.54 lacs,3.92 lacs,3.65 lacs,5.36 lacs,6.26 lacs,7.86 lacs,11.8 lacs,15.87 lacs,16.09 lacs,14.91 lacs,12.95 lacs,11.05 lacs,8.37 lacs,7.07 lacs,7.59 lacs,6.13 lacs
Czech Republic,CZE,2.27 lacs,2.6 lacs,4.32 lacs,4.3 lacs,4.02 lacs,3.89 lacs,4.27 lacs,5.9 lacs,8.49 lacs,8.76 lacs,7.99 lacs,7.02 lacs,7.54 lacs,8.21 lacs,7.93 lacs,7.15 lacs,5.32 lacs,4.39 lacs,6.66 lacs,7.28 lacs,6.71 lacs,6.98 lacs,6.95 lacs,6.11 lacs,5.05 lacs,3.95 lacs,2.89 lacs,2.24 lacs,2.01 lacs,2.55 lacs,2.89 lacs
Germany,DEU,5.32 lacs,6.32 lacs,7.68 lacs,8.73 lacs,8.16 lacs,8.82 lacs,9.86 lacs,9.79 lacs,8.86 lacs,7.92 lacs,7.77 lacs,8.48 lacs,9.78 lacs,10.73 lacs,11.17 lacs,10.25 lacs,8.66 lacs,7.52 lacs,7.74 lacs,6.97 lacs,5.82 lacs,5.38 lacs,5.23 lacs,4.98 lacs,4.62 lacs,4.12 lacs,3.75 lacs,3.38 lacs,3.14 lacs,3.81 lacs,3.54 lacs
Djibouti,DJI,29.36 lacs,29.2 lacs,29.19 lacs,29.02 lacs,28.94 lacs,28.84 lacs,28.7 lacs,28.58 lacs,28.43 lacs,28.34 lacs,28.22 lacs,28.08 lacs,27.96 lacs,27.85 lacs,27.72 lacs,27.57 lacs,27.44 lacs,27.31 lacs,27.22 lacs,27.06 lacs,26.89 lacs,26.78 lacs,26.64 lacs,26.48 lacs,26.33 lacs,26.19 lacs,26.06 lacs,26.19 lacs,26.36 lacs,28.39 lacs,28.39 lacs
Denmark,DNK,9.1 lacs,9.03 lacs,10.72 lacs,8.04 lacs,6.99 lacs,6.84 lacs,5.4 lacs,5.04 lacs,5.14 lacs,4.48 lacs,4.16 lacs,4.27 lacs,5.4 lacs,5.2 lacs,4.83 lacs,3.9 lacs,3.8 lacs,3.68 lacs,6.41 lacs,7.75 lacs,7.77 lacs,7.8 lacs,7.38 lacs,6.93 lacs,6.28 lacs,5.99 lacs,5.83 lacs,5.13 lacs,5.02 lacs,5.64 lacs,4.8 lacs
Dominican Republic,DOM,6.35 lacs,6.2 lacs,6.27 lacs,6.36 lacs,6.33 lacs,6.34 lacs,6.31 lacs,6.36 lacs,6.39 lacs,6.43 lacs,7.26 lacs,6.78 lacs,6.94 lacs,6.3 lacs,6.59 lacs,5.65 lacs,5.16 lacs,4.76 lacs,5.47 lacs,5.21 lacs,6.09 lacs,6.72 lacs,7.35 lacs,6.72 lacs,7.61 lacs,7.28 lacs,5.83 lacs,5.86 lacs,6.36 lacs,6.13 lacs,8.5 lacs
Algeria,DZA,20.6 lacs,24.38 lacs,26.23 lacs,27.74 lacs,31.84 lacs,28.53 lacs,25.43 lacs,26.66 lacs,28.3 lacs,29.77 lacs,27.3 lacs,25.9 lacs,23.72 lacs,17.65 lacs,15.27 lacs,12.27 lacs,13.79 lacs,11.33 lacs,10.16 lacs,9.96 lacs,9.96 lacs,10.97 lacs,9.82 lacs,10.21 lacs,11.21 lacs,10.2 lacs,10.33 lacs,10.42 lacs,10.51 lacs,12.55 lacs,12.7 lacs
East Asia & Pacific (excluding high income),EAP,2.4 lacs,2.36 lacs,2.61 lacs,2.91 lacs,2.99 lacs,3.1 lacs,3.2 lacs,3.37 lacs,3.45 lacs,3.41 lacs,3.83 lacs,4.15 lacs,4.4 lacs,4.39 lacs,4.46 lacs,4.36 lacs,4.34 lacs,4.42 lacs,4.39 lacs,4.15 lacs,4.1 lacs,4.03 lacs,4.04 lacs,4.03 lacs,4.1 lacs,4.02 lacs,3.91 lacs,3.79 lacs,3.9 lacs,4.39 lacs,4.29 lacs
Early-demographic dividend,EAR,5.36 lacs,5.49 lacs,5.64 lacs,5.95 lacs,6.27 lacs,6.16 lacs,5.98 lacs,6.1 lacs,6.3 lacs,6.24 lacs,6.33 lacs,6.55 lacs,6.5 lacs,6.35 lacs,6.28 lacs,6.01 lacs,5.92 lacs,5.69 lacs,5.86 lacs,5.69 lacs,5.59 lacs,5.56 lacs,5.64 lacs,5.58 lacs,5.73 lacs,5.75 lacs,5.65 lacs,5.64 lacs,5.53 lacs,7.12 lacs,6.49 lacs
East Asia & Pacific,EAS,2.45 lacs,2.43 lacs,2.69 lacs,2.96 lacs,3.03 lacs,3.15 lacs,3.24 lacs,3.53 lacs,3.63 lacs,3.54 lacs,3.94 lacs,4.24 lacs,4.46 lacs,4.41 lacs,4.45 lacs,4.33 lacs,4.28 lacs,4.36 lacs,4.44 lacs,4.21 lacs,4.12 lacs,4.04 lacs,4.03 lacs,4.01 lacs,4.07 lacs,3.98 lacs,3.86 lacs,3.73 lacs,3.82 lacs,4.32 lacs,4.2 lacs
Europe & Central Asia (excluding high income),ECA,4.99 lacs,5.4 lacs,6.16 lacs,7.78 lacs,9.12 lacs,10.06 lacs,11.1 lacs,12.23 lacs,12.37 lacs,10.97 lacs,10.28 lacs,9.81 lacs,9.62 lacs,9.29 lacs,8.66 lacs,8.14 lacs,7.34 lacs,7.38 lacs,9.13 lacs,8.51 lacs,7.83 lacs,7.22 lacs,7.23 lacs,7.47 lacs,7.59 lacs,7.6 lacs,7.38 lacs,7.08 lacs,7.26 lacs,7.94 lacs,7.76 lacs
Europe & Central Asia,ECS,6.91 lacs,7.5 lacs,8.67 lacs,9.67 lacs,9.96 lacs,10.32 lacs,10.55 lacs,10.74 lacs,10.64 lacs,9.82 lacs,9.11 lacs,9.14 lacs,9.14 lacs,9.12 lacs,8.73 lacs,8.09 lacs,7.17 lacs,7.1 lacs,8.93 lacs,9.02 lacs,8.76 lacs,8.96 lacs,9.2 lacs,8.96 lacs,8.56 lacs,8.08 lacs,7.48 lacs,6.9 lacs,6.67 lacs,7.18 lacs,7.12 lacs
Ecuador,ECU,4.37 lacs,4.53 lacs,4.56 lacs,4.44 lacs,4.59 lacs,4.65 lacs,4.51 lacs,4.61 lacs,5.18 lacs,4.8 lacs,4.25 lacs,4.9 lacs,5.66 lacs,5 lacs,3.78 lacs,3.55 lacs,3.14 lacs,3.92 lacs,4.61 lacs,4.09 lacs,3.46 lacs,3.23 lacs,3.08 lacs,3.48 lacs,3.62 lacs,4.6 lacs,3.84 lacs,3.53 lacs,3.81 lacs,6.11 lacs,6.43 lacs
"Egypt, Arab Rep.",EGY,9.38 lacs,8.92 lacs,10.92 lacs,10.93 lacs,11.04 lacs,9 lacs,8.37 lacs,8.03 lacs,7.95 lacs,8.98 lacs,9.26 lacs,10.01 lacs,11.01 lacs,10.32 lacs,11.2 lacs,10.49 lacs,8.8 lacs,8.52 lacs,9.09 lacs,8.76 lacs,11.85 lacs,12.6 lacs,13.15 lacs,13.1 lacs,13.05 lacs,12.41 lacs,11.74 lacs,9.82 lacs,7.84 lacs,9.17 lacs,9.33 lacs
Euro area,EMU,8.25 lacs,8.89 lacs,10.68 lacs,11.76 lacs,11.44 lacs,11.67 lacs,11.67 lacs,11.19 lacs,10.44 lacs,9.43 lacs,8.35 lacs,8.61 lacs,8.95 lacs,9.24 lacs,9.02 lacs,8.31 lacs,7.43 lacs,7.48 lacs,9.54 lacs,10.07 lacs,10.11 lacs,11.29 lacs,11.93 lacs,11.6 lacs,10.84 lacs,10.01 lacs,9.05 lacs,8.17 lacs,7.53 lacs,7.83 lacs,7.76 lacs
Eritrea,ERI,5.32 lacs,5.54 lacs,5.73 lacs,5.9 lacs,6.04 lacs,6.07 lacs,6.08 lacs,6.01 lacs,5.95 lacs,5.88 lacs,5.77 lacs,5.7 lacs,5.58 lacs,5.37 lacs,5.26 lacs,5.26 lacs,5.25 lacs,5.17 lacs,5.24 lacs,5.49 lacs,5.52 lacs,5.53 lacs,5.58 lacs,5.67 lacs,5.83 lacs,5.9 lacs,5.94 lacs,5.95 lacs,5.99 lacs,7.86 lacs,8.05 lacs
Spain,ESP,15.93 lacs,17.7 lacs,22.16 lacs,24.21 lacs,22.67 lacs,22.14 lacs,20.7 lacs,18.67 lacs,15.48 lacs,13.79 lacs,10.35 lacs,11.15 lacs,11.28 lacs,11.09 lacs,9.15 lacs,8.45 lacs,8.23 lacs,11.25 lacs,17.86 lacs,19.86 lacs,21.39 lacs,24.79 lacs,26.09 lacs,24.44 lacs,22.06 lacs,19.63 lacs,17.22 lacs,15.25 lacs,14.1 lacs,15.53 lacs,14.73 lacs
Estonia,EST,1.47 lacs,3.68 lacs,6.54 lacs,7.56 lacs,9.66 lacs,9.92 lacs,10.37 lacs,9.51 lacs,11.57 lacs,13.36 lacs,13.13 lacs,10.03 lacs,11.29 lacs,10.25 lacs,8.03 lacs,5.91 lacs,4.59 lacs,5.45 lacs,13.55 lacs,16.71 lacs,12.33 lacs,10.02 lacs,8.63 lacs,7.35 lacs,6.19 lacs,6.76 lacs,5.76 lacs,5.37 lacs,4.45 lacs,6.8 lacs,6.33 lacs
Ethiopia,ETH,3.08 lacs,3.1 lacs,3.05 lacs,3.1 lacs,3.21 lacs,3.31 lacs,3.47 lacs,3.62 lacs,3.71 lacs,3.51 lacs,3.3 lacs,3.13 lacs,2.94 lacs,2.69 lacs,2.5 lacs,2.47 lacs,2.43 lacs,2.41 lacs,2.38 lacs,2.34 lacs,2.31 lacs,2.29 lacs,2.25 lacs,2.26 lacs,2.27 lacs,2.29 lacs,2.3 lacs,2.32 lacs,2.33 lacs,3.24 lacs,3.69 lacs
European Union,EUU,8.5 lacs,9.23 lacs,10.82 lacs,11.5 lacs,11.06 lacs,11.1 lacs,10.87 lacs,10.44 lacs,10.18 lacs,9.83 lacs,9.19 lacs,9.54 lacs,9.63 lacs,9.87 lacs,9.56 lacs,8.62 lacs,7.45 lacs,7.2 lacs,9.13 lacs,9.8 lacs,9.84 lacs,10.81 lacs,11.33 lacs,10.85 lacs,10.03 lacs,9.12 lacs,8.14 lacs,7.27 lacs,6.69 lacs,7.05 lacs,7.04 lacs
Fragile and conflict affected situations,FCS,4.58 lacs,4.53 lacs,4.52 lacs,4.64 lacs,5.2 lacs,5.53 lacs,5.68 lacs,5.95 lacs,6.16 lacs,6.14 lacs,6.08 lacs,6.11 lacs,5.99 lacs,5.84 lacs,5.52 lacs,5.4 lacs,5.33 lacs,5.33 lacs,5.39 lacs,5.45 lacs,5.47 lacs,5.49 lacs,5.52 lacs,5.81 lacs,5.78 lacs,6.3 lacs,6.64 lacs,6.55 lacs,6.52 lacs,7.4 lacs,7.64 lacs
Finland,FIN,6.5 lacs,11.6 lacs,16.2 lacs,16.43 lacs,17 lacs,15.57 lacs,14.97 lacs,13.21 lacs,11.69 lacs,11.13 lacs,10.29 lacs,10.42 lacs,10.47 lacs,10.36 lacs,8.38 lacs,7.72 lacs,6.85 lacs,6.37 lacs,8.25 lacs,8.39 lacs,7.78 lacs,7.69 lacs,8.19 lacs,8.66 lacs,9.38 lacs,8.82 lacs,8.64 lacs,7.36 lacs,6.69 lacs,7.76 lacs,7.53 lacs
Fiji,FJI,4.06 lacs,3.88 lacs,3.96 lacs,3.9 lacs,3.94 lacs,3.9 lacs,4.03 lacs,3.95 lacs,3.79 lacs,3.99 lacs,3.91 lacs,3.87 lacs,3.91 lacs,3.81 lacs,3.89 lacs,3.96 lacs,4.11 lacs,4.16 lacs,4.31 lacs,4.31 lacs,4.41 lacs,4.42 lacs,4.33 lacs,4.29 lacs,4.3 lacs,4.32 lacs,4.28 lacs,4.33 lacs,4.45 lacs,4.72 lacs,5.24 lacs
France,FRA,9.13 lacs,10.21 lacs,11.32 lacs,12.59 lacs,11.84 lacs,12.37 lacs,12.57 lacs,12.07 lacs,11.98 lacs,10.22 lacs,8.61 lacs,8.7 lacs,8.31 lacs,8.91 lacs,8.49 lacs,8.45 lacs,7.66 lacs,7.06 lacs,8.74 lacs,8.87 lacs,8.81 lacs,9.4 lacs,9.92 lacs,10.29 lacs,10.35 lacs,10.05 lacs,9.41 lacs,9.02 lacs,8.41 lacs,8.01 lacs,8.06 lacs
Gabon,GAB,17.78 lacs,17.87 lacs,17.78 lacs,17.72 lacs,17.63 lacs,17.58 lacs,17.48 lacs,17.43 lacs,17.49 lacs,17.34 lacs,17.23 lacs,17.17 lacs,17.07 lacs,17.01 lacs,16.91 lacs,17.67 lacs,18.28 lacs,19.09 lacs,19.76 lacs,20.39 lacs,20.43 lacs,20.49 lacs,20.52 lacs,20.57 lacs,20.61 lacs,20.67 lacs,20.72 lacs,20.75 lacs,20.74 lacs,21.97 lacs,22.26 lacs
United Kingdom,GBR,8.55 lacs,9.78 lacs,10.35 lacs,9.65 lacs,8.69 lacs,8.19 lacs,7.07 lacs,6.2 lacs,6.04 lacs,5.56 lacs,4.7 lacs,5.04 lacs,4.81 lacs,4.59 lacs,4.75 lacs,5.35 lacs,5.26 lacs,5.62 lacs,7.54 lacs,7.79 lacs,8.04 lacs,7.88 lacs,7.52 lacs,6.11 lacs,5.3 lacs,4.81 lacs,4.33 lacs,4 lacs,3.74 lacs,4.47 lacs,4.53 lacs
Georgia,GEO,2.7 lacs,5.4 lacs,5.4 lacs,8.4 lacs,7.6 lacs,11.5 lacs,11.5 lacs,14.53 lacs,13.8 lacs,10.82 lacs,11.16 lacs,12.59 lacs,11.51 lacs,12.62 lacs,13.81 lacs,13.57 lacs,13.28 lacs,17.87 lacs,20.71 lacs,20.2 lacs,19.63 lacs,19.65 lacs,19.42 lacs,17.44 lacs,16.51 lacs,16.6 lacs,13.94 lacs,12.67 lacs,11.57 lacs,18.5 lacs,10.66 lacs
Ghana,GHA,3.49 lacs,4.7 lacs,5.27 lacs,5.86 lacs,6.44 lacs,7.02 lacs,7.61 lacs,8.2 lacs,10.1 lacs,10.46 lacs,9.5 lacs,8.53 lacs,7.56 lacs,6.59 lacs,5.62 lacs,4.64 lacs,4.84 lacs,4.99 lacs,5.22 lacs,5.38 lacs,5.6 lacs,5.91 lacs,6.2 lacs,6.52 lacs,6.81 lacs,5.53 lacs,4.22 lacs,4.28 lacs,4.32 lacs,4.65 lacs,4.7 lacs
Guinea,GIN,4.45 lacs,4.46 lacs,4.45 lacs,4.47 lacs,4.48 lacs,4.49 lacs,4.49 lacs,4.52 lacs,4.53 lacs,4.55 lacs,4.55 lacs,4.55 lacs,4.62 lacs,4.63 lacs,4.65 lacs,4.7 lacs,4.67 lacs,4.72 lacs,4.81 lacs,4.77 lacs,4.79 lacs,4.82 lacs,4.87 lacs,4.9 lacs,4.92 lacs,4.88 lacs,4.91 lacs,4.98 lacs,5.02 lacs,6.1 lacs,6.34 lacs
"Gambia, The",GMB,8.83 lacs,8.86 lacs,8.9 lacs,8.95 lacs,8.97 lacs,8.99 lacs,9 lacs,9.04 lacs,9.05 lacs,9.08 lacs,9.11 lacs,9.22 lacs,9.16 lacs,9.19 lacs,9.29 lacs,9.3 lacs,9.3 lacs,9.3 lacs,9.32 lacs,9.36 lacs,9.51 lacs,9.42 lacs,9.45 lacs,9.5 lacs,9.47 lacs,9.5 lacs,9.48 lacs,9.48 lacs,9.5 lacs,11.08 lacs,11.21 lacs
Guinea-Bissau,GNB,6.19 lacs,6.3 lacs,6.35 lacs,6.36 lacs,6.34 lacs,6.39 lacs,6.41 lacs,6.35 lacs,6.32 lacs,6.25 lacs,6.3 lacs,6.38 lacs,6.37 lacs,6.25 lacs,6.21 lacs,6.14 lacs,6.06 lacs,5.89 lacs,5.9 lacs,6.08 lacs,5.98 lacs,5.87 lacs,5.81 lacs,5.8 lacs,5.87 lacs,5.95 lacs,5.99 lacs,5.98 lacs,6.04 lacs,6.74 lacs,6.76 lacs
Equatorial Guinea,GNQ,8.13 lacs,8.27 lacs,8.37 lacs,8.43 lacs,8.47 lacs,8.53 lacs,8.56 lacs,8.5 lacs,8.49 lacs,8.45 lacs,8.57 lacs,8.71 lacs,8.77 lacs,8.71 lacs,8.75 lacs,8.71 lacs,8.65 lacs,8.5 lacs,8.55 lacs,8.82 lacs,8.73 lacs,8.61 lacs,8.51 lacs,8.48 lacs,8.54 lacs,8.63 lacs,8.65 lacs,8.62 lacs,8.68 lacs,9.9 lacs,9.24 lacs
Greece,GRC,7.66 lacs,7.84 lacs,8.61 lacs,8.86 lacs,9.06 lacs,9.66 lacs,9.58 lacs,10.84 lacs,11.85 lacs,11.25 lacs,10.46 lacs,9.97 lacs,9.41 lacs,10.31 lacs,9.99 lacs,9.01 lacs,8.4 lacs,7.76 lacs,9.62 lacs,12.71 lacs,17.86 lacs,24.44 lacs,27.47 lacs,26.49 lacs,24.9 lacs,23.54 lacs,21.49 lacs,19.29 lacs,17.31 lacs,16.3 lacs,14.8 lacs
Guatemala,GTM,2.59 lacs,2.57 lacs,2.61 lacs,2.62 lacs,2.61 lacs,2.68 lacs,2.65 lacs,2.65 lacs,2.7 lacs,2.72 lacs,2.78 lacs,2.75 lacs,2.81 lacs,2.97 lacs,3.05 lacs,3.06 lacs,3.11 lacs,3.31 lacs,3.51 lacs,3.5 lacs,3.09 lacs,2.76 lacs,3.02 lacs,2.72 lacs,2.51 lacs,2.58 lacs,2.46 lacs,2.28 lacs,2.19 lacs,3.55 lacs,3.57 lacs
Guam,GUM,3.51 lacs,3.84 lacs,5.53 lacs,7.6 lacs,7.9 lacs,8.28 lacs,9.67 lacs,7.74 lacs,13.95 lacs,15.32 lacs,13.21 lacs,11.39 lacs,9.75 lacs,7.7 lacs,7 lacs,7.4 lacs,8.3 lacs,8.72 lacs,9.3 lacs,8.2 lacs,13.3 lacs,12.2 lacs,11.5 lacs,7.6 lacs,6.9 lacs,5.4 lacs,5.43 lacs,5.56 lacs,5.51 lacs,6.8 lacs,6.98 lacs
Guyana,GUY,11.93 lacs,11.9 lacs,11.88 lacs,11.86 lacs,11.88 lacs,11.84 lacs,11.84 lacs,11.89 lacs,11.84 lacs,11.86 lacs,11.81 lacs,11.81 lacs,11.55 lacs,11.27 lacs,11.02 lacs,10.7 lacs,10.96 lacs,11.27 lacs,11.53 lacs,11.8 lacs,12.06 lacs,12.34 lacs,12.63 lacs,12.92 lacs,13.21 lacs,13.46 lacs,13.75 lacs,14.02 lacs,13.99 lacs,16.43 lacs,16.42 lacs
High income,HIC,6.75 lacs,7.32 lacs,7.85 lacs,7.85 lacs,7.45 lacs,7.42 lacs,7.13 lacs,7.05 lacs,6.92 lacs,6.53 lacs,6.5 lacs,7.02 lacs,7.13 lacs,6.97 lacs,6.67 lacs,6.14 lacs,5.61 lacs,5.86 lacs,7.94 lacs,8.19 lacs,7.86 lacs,7.9 lacs,7.81 lacs,7.21 lacs,6.63 lacs,6.15 lacs,5.59 lacs,5.07 lacs,4.77 lacs,6.49 lacs,5.67 lacs
"Hong Kong SAR, China",HKG,1.8 lacs,1.96 lacs,1.96 lacs,1.9 lacs,3.22 lacs,2.83 lacs,2.22 lacs,4.58 lacs,6.25 lacs,4.92 lacs,5.09 lacs,7.28 lacs,7.86 lacs,6.74 lacs,5.58 lacs,4.77 lacs,4.01 lacs,3.56 lacs,5.26 lacs,4.33 lacs,3.42 lacs,3.29 lacs,3.4 lacs,3.3 lacs,3.31 lacs,3.39 lacs,3.13 lacs,2.82 lacs,2.93 lacs,5.83 lacs,5.32 lacs
Honduras,HND,4.58 lacs,3.06 lacs,3.12 lacs,3.25 lacs,3.24 lacs,4.37 lacs,3.32 lacs,4.02 lacs,3.85 lacs,3.84 lacs,4 lacs,4.02 lacs,5.3 lacs,5.99 lacs,4.91 lacs,3.57 lacs,3.21 lacs,3.16 lacs,3.29 lacs,4.12 lacs,4.47 lacs,3.75 lacs,5.65 lacs,7.08 lacs,6.15 lacs,6.73 lacs,5.53 lacs,5.65 lacs,5.7 lacs,8.37 lacs,8.51 lacs
Heavily indebted poor countries (HIPC),HPC,4.88 lacs,4.97 lacs,4.99 lacs,5 lacs,4.98 lacs,5 lacs,4.99 lacs,5.02 lacs,5.16 lacs,5.22 lacs,5.18 lacs,5.18 lacs,5.17 lacs,5.07 lacs,4.97 lacs,4.92 lacs,4.89 lacs,4.84 lacs,4.88 lacs,5.08 lacs,5.05 lacs,4.93 lacs,4.77 lacs,4.7 lacs,4.77 lacs,4.71 lacs,4.66 lacs,4.69 lacs,4.71 lacs,5.43 lacs,5.66 lacs
Croatia,HRV,11.14 lacs,11.01 lacs,10.68 lacs,10.63 lacs,10.17 lacs,9.68 lacs,9.71 lacs,11.39 lacs,13.56 lacs,16.06 lacs,15.82 lacs,15.05 lacs,13.92 lacs,13.66 lacs,12.6 lacs,11.13 lacs,9.91 lacs,8.53 lacs,9.2 lacs,11.62 lacs,13.68 lacs,15.93 lacs,17.25 lacs,17.29 lacs,16.18 lacs,13.1 lacs,11.21 lacs,8.43 lacs,6.62 lacs,7.51 lacs,8.68 lacs
Haiti,HTI,7.51 lacs,7.59 lacs,7.55 lacs,7.61 lacs,7.26 lacs,7.3 lacs,7.28 lacs,7.25 lacs,7.2 lacs,8.4 lacs,9.63 lacs,10.83 lacs,12 lacs,13.32 lacs,14.42 lacs,15.69 lacs,16.8 lacs,16.34 lacs,15.66 lacs,15.38 lacs,14.53 lacs,14.1 lacs,14 lacs,13.95 lacs,13.96 lacs,13.93 lacs,13.88 lacs,13.86 lacs,13.91 lacs,15.45 lacs,15.73 lacs
Hungary,HUN,8.5 lacs,9.94 lacs,12.1 lacs,10.85 lacs,10.17 lacs,10.02 lacs,8.99 lacs,8.93 lacs,6.93 lacs,6.56 lacs,5.67 lacs,5.61 lacs,5.79 lacs,5.83 lacs,7.19 lacs,7.49 lacs,7.41 lacs,7.82 lacs,10.03 lacs,11.17 lacs,11.03 lacs,11 lacs,10.18 lacs,7.73 lacs,6.81 lacs,5.11 lacs,4.16 lacs,3.71 lacs,3.42 lacs,4.25 lacs,4.12 lacs
IBRD only,IBD,4.55 lacs,4.61 lacs,4.85 lacs,5.22 lacs,5.53 lacs,5.63 lacs,5.69 lacs,5.92 lacs,6.16 lacs,6.02 lacs,6.18 lacs,6.38 lacs,6.47 lacs,6.3 lacs,6.24 lacs,5.99 lacs,5.77 lacs,5.66 lacs,5.99 lacs,5.78 lacs,5.66 lacs,5.59 lacs,5.58 lacs,5.58 lacs,5.71 lacs,5.82 lacs,5.76 lacs,5.63 lacs,5.66 lacs,6.88 lacs,6.44 lacs
IDA & IBRD total,IBT,4.41 lacs,4.47 lacs,4.68 lacs,5.01 lacs,5.27 lacs,5.36 lacs,5.42 lacs,5.63 lacs,5.83 lacs,5.72 lacs,5.85 lacs,6.01 lacs,6.09 lacs,5.92 lacs,5.85 lacs,5.62 lacs,5.44 lacs,5.35 lacs,5.62 lacs,5.44 lacs,5.35 lacs,5.31 lacs,5.32 lacs,5.3 lacs,5.44 lacs,5.58 lacs,5.57 lacs,5.47 lacs,5.49 lacs,6.61 lacs,6.31 lacs
IDA total,IDA,3.67 lacs,3.75 lacs,3.85 lacs,3.95 lacs,3.99 lacs,4.12 lacs,4.15 lacs,4.27 lacs,4.33 lacs,4.36 lacs,4.37 lacs,4.37 lacs,4.37 lacs,4.27 lacs,4.18 lacs,4.05 lacs,4.05 lacs,4.1 lacs,4.14 lacs,4.09 lacs,4.14 lacs,4.23 lacs,4.3 lacs,4.24 lacs,4.43 lacs,4.7 lacs,4.88 lacs,4.92 lacs,4.89 lacs,5.7 lacs,5.87 lacs
IDA blend,IDB,3.06 lacs,3.16 lacs,3.32 lacs,3.54 lacs,3.63 lacs,3.88 lacs,3.88 lacs,4.05 lacs,4 lacs,3.86 lacs,3.73 lacs,3.55 lacs,3.42 lacs,3.26 lacs,3.12 lacs,2.99 lacs,2.8 lacs,2.81 lacs,2.86 lacs,2.93 lacs,2.96 lacs,3.29 lacs,3.65 lacs,3.51 lacs,4.07 lacs,5.01 lacs,5.61 lacs,5.79 lacs,5.71 lacs,6.59 lacs,6.65 lacs
Indonesia,IDN,2.62 lacs,2.73 lacs,2.78 lacs,4.37 lacs,4.6 lacs,4.86 lacs,4.68 lacs,5.46 lacs,6.36 lacs,6.08 lacs,6.08 lacs,6.6 lacs,6.66 lacs,7.3 lacs,7.94 lacs,7.55 lacs,8.06 lacs,7.21 lacs,6.11 lacs,5.61 lacs,5.15 lacs,4.47 lacs,4.34 lacs,4.05 lacs,4.51 lacs,4.3 lacs,3.88 lacs,4.4 lacs,3.62 lacs,4.28 lacs,4.41 lacs
IDA only,IDX,3.93 lacs,4.01 lacs,4.08 lacs,4.13 lacs,4.15 lacs,4.22 lacs,4.27 lacs,4.37 lacs,4.48 lacs,4.59 lacs,4.66 lacs,4.74 lacs,4.8 lacs,4.72 lacs,4.65 lacs,4.52 lacs,4.61 lacs,4.67 lacs,4.71 lacs,4.61 lacs,4.67 lacs,4.66 lacs,4.6 lacs,4.57 lacs,4.6 lacs,4.56 lacs,4.56 lacs,4.54 lacs,4.53 lacs,5.31 lacs,5.53 lacs
India,IND,5.6 lacs,5.73 lacs,5.69 lacs,5.74 lacs,5.76 lacs,5.74 lacs,5.61 lacs,5.67 lacs,5.74 lacs,5.56 lacs,5.58 lacs,5.53 lacs,5.64 lacs,5.63 lacs,5.61 lacs,5.6 lacs,5.57 lacs,5.41 lacs,5.54 lacs,5.55 lacs,5.43 lacs,5.41 lacs,5.42 lacs,5.44 lacs,5.43 lacs,5.42 lacs,5.36 lacs,5.33 lacs,5.27 lacs,8 lacs,5.98 lacs
Ireland,IRL,15.78 lacs,15.03 lacs,15.59 lacs,14.57 lacs,11.98 lacs,11.72 lacs,10.2 lacs,7.7 lacs,5.8 lacs,4.32 lacs,3.68 lacs,4.22 lacs,4.48 lacs,4.49 lacs,4.34 lacs,4.41 lacs,4.98 lacs,6.77 lacs,12.61 lacs,14.53 lacs,15.35 lacs,15.45 lacs,13.73 lacs,11.86 lacs,9.91 lacs,8.37 lacs,6.71 lacs,5.74 lacs,4.95 lacs,5.62 lacs,6.63 lacs
"Iran, Islamic Rep.",IRN,11.1 lacs,10.83 lacs,10.44 lacs,10.05 lacs,9.57 lacs,9.1 lacs,9.78 lacs,10.38 lacs,11.02 lacs,11.57 lacs,12.28 lacs,12.8 lacs,11.51 lacs,10.3 lacs,11.81 lacs,11.52 lacs,10.77 lacs,10.63 lacs,12.11 lacs,13.68 lacs,12.49 lacs,12.27 lacs,10.6 lacs,10.68 lacs,11.17 lacs,12.62 lacs,12.23 lacs,12.19 lacs,10.74 lacs,12.17 lacs,11.46 lacs
Iraq,IRQ,9.13 lacs,8.91 lacs,8.89 lacs,8.97 lacs,8.96 lacs,8.87 lacs,8.77 lacs,8.76 lacs,8.75 lacs,8.73 lacs,8.81 lacs,8.85 lacs,8.82 lacs,8.61 lacs,8.71 lacs,8.65 lacs,8.65 lacs,8.48 lacs,8.39 lacs,8.25 lacs,8.12 lacs,7.96 lacs,9.26 lacs,10.59 lacs,10.73 lacs,10.82 lacs,13.02 lacs,12.97 lacs,12.86 lacs,14.09 lacs,14.19 lacs
Iceland,ISL,2.55 lacs,4.31 lacs,5.26 lacs,5.33 lacs,5.2 lacs,3.6 lacs,3.72 lacs,3.07 lacs,2.18 lacs,1.94 lacs,1.87 lacs,2.99 lacs,4 lacs,4.03 lacs,2.55 lacs,2.83 lacs,2.25 lacs,2.95 lacs,7.22 lacs,7.56 lacs,7.03 lacs,6 lacs,5.38 lacs,4.9 lacs,3.98 lacs,2.98 lacs,2.74 lacs,2.7 lacs,3.51 lacs,5.48 lacs,5.4 lacs
Israel,ISR,13.39 lacs,14.08 lacs,12.74 lacs,9.93 lacs,8.78 lacs,8.46 lacs,9.75 lacs,10.75 lacs,11.18 lacs,11.1 lacs,11.81 lacs,12.89 lacs,13.51 lacs,13.03 lacs,11.34 lacs,10.71 lacs,9.38 lacs,7.7 lacs,9.53 lacs,8.48 lacs,7.14 lacs,6.86 lacs,6.21 lacs,5.89 lacs,5.25 lacs,4.8 lacs,4.22 lacs,4 lacs,3.8 lacs,4.33 lacs,5.05 lacs
Italy,ITA,10.1 lacs,9.33 lacs,10.24 lacs,11.09 lacs,11.67 lacs,11.87 lacs,12 lacs,12.12 lacs,11.69 lacs,10.84 lacs,9.6 lacs,9.21 lacs,8.87 lacs,7.87 lacs,7.73 lacs,6.78 lacs,6.08 lacs,6.72 lacs,7.75 lacs,8.36 lacs,8.36 lacs,10.65 lacs,12.15 lacs,12.68 lacs,11.9 lacs,11.69 lacs,11.21 lacs,10.61 lacs,9.95 lacs,9.16 lacs,9.83 lacs
Jamaica,JAM,15.74 lacs,15.75 lacs,16.32 lacs,15.34 lacs,16.23 lacs,16.01 lacs,16.35 lacs,15.5 lacs,15.74 lacs,15.54 lacs,14.93 lacs,14.19 lacs,11.73 lacs,12.21 lacs,11.26 lacs,10.32 lacs,9.75 lacs,10.59 lacs,11.36 lacs,12.37 lacs,12.7 lacs,13.93 lacs,15.25 lacs,13.74 lacs,13.51 lacs,13.19 lacs,11.63 lacs,9.1 lacs,7.69 lacs,9.48 lacs,9.18 lacs
Jordan,JOR,19.51 lacs,19.27 lacs,19.7 lacs,17.17 lacs,14.6 lacs,13.7 lacs,13.69 lacs,13.7 lacs,13.71 lacs,13.7 lacs,14.7 lacs,15.3 lacs,14.5 lacs,14.58 lacs,14.8 lacs,14 lacs,13.1 lacs,12.7 lacs,12.9 lacs,12.5 lacs,12.9 lacs,12.2 lacs,12.6 lacs,11.9 lacs,13.08 lacs,15.28 lacs,18.14 lacs,18.27 lacs,16.81 lacs,19.03 lacs,19.25 lacs
Japan,JPN,2.1 lacs,2.2 lacs,2.5 lacs,2.9 lacs,3.2 lacs,3.4 lacs,3.4 lacs,4.1 lacs,4.7 lacs,4.75 lacs,5.02 lacs,5.39 lacs,5.25 lacs,4.73 lacs,4.45 lacs,4.19 lacs,3.89 lacs,4 lacs,5.07 lacs,5.1 lacs,4.55 lacs,4.36 lacs,4 lacs,3.6 lacs,3.4 lacs,3.1 lacs,2.8 lacs,2.4 lacs,2.4 lacs,2.8 lacs,2.8 lacs
Kazakhstan,KAZ,0.9 lacs,1 lacs,1.11 lacs,7.54 lacs,10.98 lacs,12.96 lacs,13.01 lacs,13.13 lacs,13.46 lacs,12.75 lacs,10.43 lacs,9.33 lacs,8.78 lacs,8.4 lacs,8.13 lacs,7.79 lacs,7.26 lacs,6.63 lacs,6.55 lacs,5.77 lacs,5.39 lacs,5.29 lacs,5.2 lacs,5.06 lacs,4.93 lacs,4.96 lacs,4.9 lacs,4.85 lacs,4.8 lacs,4.89 lacs,4.9 lacs
Kenya,KEN,3.12 lacs,3.12 lacs,3.1 lacs,3.08 lacs,3.06 lacs,3.05 lacs,3.06 lacs,3.03 lacs,3.02 lacs,3.02 lacs,2.99 lacs,3 lacs,2.97 lacs,2.94 lacs,2.92 lacs,2.91 lacs,2.89 lacs,2.92 lacs,2.88 lacs,2.84 lacs,2.84 lacs,2.83 lacs,2.81 lacs,2.8 lacs,2.78 lacs,2.76 lacs,3.51 lacs,4.25 lacs,5.01 lacs,5.73 lacs,5.74 lacs
Kyrgyz Republic,KGZ,1 lacs,1.1 lacs,3.4 lacs,4.7 lacs,5.6 lacs,7.3 lacs,7.5 lacs,8.9 lacs,8.4 lacs,7.54 lacs,7.84 lacs,12.55 lacs,9.92 lacs,8.53 lacs,8.11 lacs,8.27 lacs,8.1 lacs,8.22 lacs,8.41 lacs,8.64 lacs,8.53 lacs,8.43 lacs,8.33 lacs,8.05 lacs,7.56 lacs,7.21 lacs,6.89 lacs,6.89 lacs,6.92 lacs,8.71 lacs,9.1 lacs
Cambodia,KHM,0.73 lacs,0.75 lacs,0.8 lacs,1.33 lacs,0.78 lacs,0.84 lacs,0.91 lacs,0.94 lacs,0.9 lacs,0.97 lacs,1.03 lacs,1.1 lacs,1.11 lacs,1.13 lacs,1.13 lacs,1.21 lacs,1.26 lacs,0.82 lacs,0.58 lacs,0.77 lacs,0.58 lacs,0.51 lacs,0.44 lacs,0.69 lacs,0.39 lacs,0.72 lacs,0.14 lacs,0.14 lacs,0.15 lacs,0.33 lacs,0.61 lacs
"Korea, Rep.",KOR,2.41 lacs,2.51 lacs,2.88 lacs,2.48 lacs,2.06 lacs,2.05 lacs,2.61 lacs,6.96 lacs,6.34 lacs,4.06 lacs,3.7 lacs,3.05 lacs,3.35 lacs,3.42 lacs,3.48 lacs,3.25 lacs,3.01 lacs,2.96 lacs,3.36 lacs,3.32 lacs,2.99 lacs,2.81 lacs,2.75 lacs,3.08 lacs,3.55 lacs,3.65 lacs,3.65 lacs,3.82 lacs,3.75 lacs,3.93 lacs,3.53 lacs
Kuwait,KWT,0.88 lacs,0.81 lacs,0.8 lacs,0.7 lacs,0.7 lacs,0.7 lacs,0.7 lacs,0.7 lacs,0.7 lacs,0.8 lacs,0.8 lacs,1.1 lacs,1.3 lacs,1.7 lacs,1.5 lacs,1.3 lacs,1.5 lacs,1.75 lacs,1.64 lacs,1.82 lacs,2.04 lacs,2.32 lacs,2.62 lacs,2.9 lacs,2.2 lacs,2.16 lacs,2.2 lacs,2.16 lacs,2.17 lacs,3.54 lacs,3.71 lacs
Latin America & Caribbean (excluding high income),LAC,5.84 lacs,5.9 lacs,5.96 lacs,6.35 lacs,7.6 lacs,7.82 lacs,7.67 lacs,8.1 lacs,8.79 lacs,8.7 lacs,8.39 lacs,8.49 lacs,8.33 lacs,7.89 lacs,7.65 lacs,7.09 lacs,6.71 lacs,6.36 lacs,7.37 lacs,6.7 lacs,6.41 lacs,6.38 lacs,6.29 lacs,6.08 lacs,6.66 lacs,7.89 lacs,8.18 lacs,8.05 lacs,8.09 lacs,10.16 lacs,10.12 lacs
Lao PDR,LAO,2.53 lacs,2.51 lacs,2.55 lacs,2.47 lacs,2.6 lacs,2.49 lacs,2.38 lacs,2.42 lacs,2.11 lacs,2.06 lacs,1.94 lacs,1.8 lacs,1.66 lacs,1.51 lacs,1.35 lacs,1.19 lacs,1.1 lacs,0.97 lacs,0.85 lacs,0.71 lacs,0.73 lacs,0.74 lacs,0.75 lacs,0.76 lacs,0.78 lacs,0.79 lacs,0.81 lacs,0.83 lacs,0.85 lacs,1.03 lacs,1.26 lacs
Lebanon,LBN,8.37 lacs,8.36 lacs,8.44 lacs,8.49 lacs,8.52 lacs,8.49 lacs,8.62 lacs,8.49 lacs,8.44 lacs,8.31 lacs,8.19 lacs,8.09 lacs,7.99 lacs,7.85 lacs,8.28 lacs,8.68 lacs,8.98 lacs,7.67 lacs,6.35 lacs,6.84 lacs,7.39 lacs,7.85 lacs,8.31 lacs,8.81 lacs,9.32 lacs,9.78 lacs,10.27 lacs,10.8 lacs,11.35 lacs,13.3 lacs,14.49 lacs
Liberia,LBR,2.23 lacs,2.2 lacs,2.17 lacs,2.15 lacs,2.09 lacs,2.05 lacs,2.05 lacs,2.05 lacs,2.08 lacs,2.08 lacs,2.13 lacs,2.14 lacs,2.18 lacs,2.17 lacs,2.19 lacs,2.2 lacs,2.21 lacs,2.23 lacs,2.25 lacs,2.27 lacs,2.22 lacs,2.17 lacs,2.12 lacs,2.08 lacs,2.08 lacs,3.08 lacs,3.05 lacs,3.03 lacs,3.02 lacs,3.98 lacs,4.09 lacs
Libya,LBY,19.85 lacs,20.02 lacs,20 lacs,19.91 lacs,20.03 lacs,19.83 lacs,19.83 lacs,19.79 lacs,19.75 lacs,19.67 lacs,19.7 lacs,19.65 lacs,19.46 lacs,19.51 lacs,19.39 lacs,19.41 lacs,19.38 lacs,19.38 lacs,19.37 lacs,19.27 lacs,19.39 lacs,19.03 lacs,19.45 lacs,19.46 lacs,19.53 lacs,19.53 lacs,19.37 lacs,19.45 lacs,19.66 lacs,20.07 lacs,19.58 lacs
St. Lucia,LCA,16.91 lacs,16.73 lacs,16.8 lacs,17 lacs,15.83 lacs,16.33 lacs,20.47 lacs,21.6 lacs,18.09 lacs,16.49 lacs,18.52 lacs,20.39 lacs,22.18 lacs,20.97 lacs,18.7 lacs,16 lacs,14 lacs,12.72 lacs,15.37 lacs,17.11 lacs,18.86 lacs,19.06 lacs,22.21 lacs,21.3 lacs,20.56 lacs,19.65 lacs,18.86 lacs,19.08 lacs,15.32 lacs,16.89 lacs,16.91 lacs
Latin America & Caribbean,LCN,6.12 lacs,6.08 lacs,6.09 lacs,6.55 lacs,7.72 lacs,8.07 lacs,7.89 lacs,8.26 lacs,9.14 lacs,9.01 lacs,8.7 lacs,8.94 lacs,8.81 lacs,8.31 lacs,7.86 lacs,7.24 lacs,6.8 lacs,6.45 lacs,7.44 lacs,6.8 lacs,6.48 lacs,6.41 lacs,6.36 lacs,6.15 lacs,6.63 lacs,7.72 lacs,7.99 lacs,7.87 lacs,7.93 lacs,10.06 lacs,9.96 lacs
Least developed countries: UN classification,LDC,3.85 lacs,3.9 lacs,3.92 lacs,3.94 lacs,3.95 lacs,3.96 lacs,4 lacs,4.05 lacs,4.12 lacs,4.18 lacs,4.24 lacs,4.33 lacs,4.45 lacs,4.42 lacs,4.41 lacs,4.31 lacs,4.4 lacs,4.41 lacs,4.48 lacs,4.51 lacs,4.51 lacs,4.51 lacs,4.49 lacs,4.46 lacs,4.52 lacs,4.55 lacs,4.59 lacs,4.55 lacs,4.55 lacs,5.32 lacs,5.55 lacs
Low income,LIC,4.75 lacs,4.82 lacs,4.87 lacs,4.9 lacs,4.91 lacs,4.92 lacs,4.94 lacs,5 lacs,5.11 lacs,5.2 lacs,5.25 lacs,5.28 lacs,5.27 lacs,5.16 lacs,5.08 lacs,5.04 lacs,5.05 lacs,5.06 lacs,4.99 lacs,5.17 lacs,5.09 lacs,5.02 lacs,4.92 lacs,4.94 lacs,5.04 lacs,5.07 lacs,5.09 lacs,5.09 lacs,5.11 lacs,5.83 lacs,6.06 lacs
Sri Lanka,LKA,14.66 lacs,14.22 lacs,13.82 lacs,13.03 lacs,12.27 lacs,11.35 lacs,10.6 lacs,9.17 lacs,8.88 lacs,7.74 lacs,7.9 lacs,8.76 lacs,8.22 lacs,8.38 lacs,7.67 lacs,6.5 lacs,5.97 lacs,5.22 lacs,5.85 lacs,4.78 lacs,4.12 lacs,3.88 lacs,4.24 lacs,4.19 lacs,4.52 lacs,4.24 lacs,4.05 lacs,4.32 lacs,4.35 lacs,5.88 lacs,5.39 lacs
Lower middle income,LMC,4.75 lacs,4.84 lacs,4.94 lacs,5.16 lacs,5.33 lacs,5.36 lacs,5.35 lacs,5.54 lacs,5.71 lacs,5.63 lacs,5.62 lacs,5.6 lacs,5.61 lacs,5.51 lacs,5.53 lacs,5.35 lacs,5.31 lacs,5.13 lacs,5.18 lacs,5.07 lacs,5.03 lacs,5.02 lacs,5.04 lacs,5.02 lacs,5.17 lacs,5.26 lacs,5.25 lacs,5.21 lacs,5.03 lacs,6.58 lacs,5.86 lacs
Low & middle income,LMY,4.26 lacs,4.33 lacs,4.54 lacs,4.86 lacs,5.14 lacs,5.24 lacs,5.32 lacs,5.54 lacs,5.7 lacs,5.54 lacs,5.67 lacs,5.8 lacs,5.89 lacs,5.73 lacs,5.69 lacs,5.5 lacs,5.36 lacs,5.3 lacs,5.56 lacs,5.37 lacs,5.28 lacs,5.24 lacs,5.24 lacs,5.23 lacs,5.39 lacs,5.55 lacs,5.55 lacs,5.46 lacs,5.49 lacs,6.59 lacs,6.29 lacs
Lesotho,LSO,36.12 lacs,36.39 lacs,36.74 lacs,36.98 lacs,37.34 lacs,37.59 lacs,37.94 lacs,37.16 lacs,36.35 lacs,35.46 lacs,34.63 lacs,33.86 lacs,32.96 lacs,32.18 lacs,31.31 lacs,30.46 lacs,29.62 lacs,28.76 lacs,28.02 lacs,27.08 lacs,26.24 lacs,25.37 lacs,24.58 lacs,24.22 lacs,23.84 lacs,23.48 lacs,23.2 lacs,22.81 lacs,22.44 lacs,24.56 lacs,24.6 lacs
Late-demographic dividend,LTE,3.62 lacs,3.62 lacs,3.88 lacs,4.26 lacs,4.41 lacs,4.59 lacs,4.85 lacs,5.13 lacs,5.36 lacs,5.18 lacs,5.37 lacs,5.55 lacs,5.78 lacs,5.6 lacs,5.53 lacs,5.29 lacs,5.01 lacs,5.05 lacs,5.47 lacs,5.15 lacs,5.06 lacs,5.01 lacs,4.99 lacs,4.92 lacs,5.08 lacs,5.24 lacs,5.23 lacs,5.01 lacs,5.15 lacs,5.89 lacs,5.79 lacs
Lithuania,LTU,1.1 lacs,1.2 lacs,13.8 lacs,13.8 lacs,17.54 lacs,16.4 lacs,14.13 lacs,13.71 lacs,13.39 lacs,15.93 lacs,16.84 lacs,13.01 lacs,12.87 lacs,10.68 lacs,8.32 lacs,5.78 lacs,4.25 lacs,5.83 lacs,13.79 lacs,17.81 lacs,15.39 lacs,13.36 lacs,11.77 lacs,10.7 lacs,9.12 lacs,7.86 lacs,7.07 lacs,6.15 lacs,6.26 lacs,8.49 lacs,7.9 lacs
Luxembourg,LUX,1.48 lacs,2.03 lacs,2.33 lacs,3.48 lacs,2.92 lacs,3.29 lacs,2.53 lacs,2.76 lacs,2.39 lacs,2.35 lacs,1.81 lacs,2.62 lacs,3.68 lacs,5.11 lacs,4.49 lacs,4.73 lacs,4.07 lacs,5.06 lacs,5.12 lacs,4.36 lacs,4.9 lacs,5.14 lacs,5.85 lacs,5.85 lacs,6.67 lacs,6.29 lacs,5.52 lacs,5.59 lacs,5.59 lacs,6.77 lacs,5.23 lacs
Latvia,LVA,2.7 lacs,6.6 lacs,16.7 lacs,18.7 lacs,19 lacs,20.7 lacs,14.9 lacs,14.46 lacs,13.79 lacs,14.21 lacs,13.82 lacs,13.83 lacs,12.06 lacs,11.71 lacs,10.03 lacs,7.03 lacs,6.05 lacs,7.74 lacs,17.51 lacs,19.48 lacs,16.21 lacs,15.05 lacs,11.87 lacs,10.85 lacs,9.87 lacs,9.64 lacs,8.72 lacs,7.41 lacs,6.31 lacs,8.1 lacs,7.6 lacs
"Macao SAR, China",MAC,3.01 lacs,2.2 lacs,2.06 lacs,2.48 lacs,3.58 lacs,4.25 lacs,3.26 lacs,4.61 lacs,6.35 lacs,6.87 lacs,6.39 lacs,6.27 lacs,6 lacs,4.9 lacs,4.16 lacs,3.82 lacs,3.27 lacs,3 lacs,3.58 lacs,2.84 lacs,2.56 lacs,1.97 lacs,1.82 lacs,1.7 lacs,1.81 lacs,1.94 lacs,1.99 lacs,1.83 lacs,1.75 lacs,2.57 lacs,3.01 lacs
Morocco,MAR,12.6 lacs,12.99 lacs,13.1 lacs,12.94 lacs,13.53 lacs,13.17 lacs,13.71 lacs,13.61 lacs,13.94 lacs,13.58 lacs,12.46 lacs,11.59 lacs,11.92 lacs,10.83 lacs,11.01 lacs,9.67 lacs,9.56 lacs,9.57 lacs,8.96 lacs,9.09 lacs,8.91 lacs,8.99 lacs,9.23 lacs,9.7 lacs,9.46 lacs,9.3 lacs,9.24 lacs,9.27 lacs,9.28 lacs,11.45 lacs,11.47 lacs
Moldova,MDA,1.9 lacs,3.7 lacs,3.7 lacs,5.8 lacs,5.3 lacs,7.9 lacs,7.9 lacs,10 lacs,11.14 lacs,8.46 lacs,7.29 lacs,6.8 lacs,7.95 lacs,8.17 lacs,7.29 lacs,7.38 lacs,5.07 lacs,3.98 lacs,6.4 lacs,7.45 lacs,6.68 lacs,5.58 lacs,5.1 lacs,3.73 lacs,4.7 lacs,4.02 lacs,4.1 lacs,4.11 lacs,5.1 lacs,3.82 lacs,3.96 lacs
Madagascar,MDG,4.95 lacs,4.99 lacs,5.08 lacs,5.19 lacs,5.28 lacs,5.37 lacs,5.47 lacs,5.57 lacs,5.68 lacs,5.8 lacs,5.35 lacs,5.35 lacs,5.01 lacs,3.83 lacs,2.62 lacs,2.94 lacs,3.26 lacs,3.58 lacs,3.97 lacs,4.28 lacs,2.44 lacs,0.6 lacs,1 lacs,1.39 lacs,1.79 lacs,1.8 lacs,1.82 lacs,1.84 lacs,1.86 lacs,2.47 lacs,2.59 lacs
Maldives,MDV,0.89 lacs,0.86 lacs,0.84 lacs,0.81 lacs,0.79 lacs,1.03 lacs,1.27 lacs,1.5 lacs,1.74 lacs,1.97 lacs,3 lacs,4.19 lacs,5.39 lacs,6.42 lacs,7.2 lacs,9.16 lacs,9.87 lacs,11.06 lacs,11.7 lacs,11.29 lacs,10.47 lacs,9.47 lacs,8.73 lacs,7.87 lacs,6.93 lacs,6.12 lacs,5.87 lacs,5.62 lacs,5.34 lacs,6.33 lacs,6.08 lacs
Middle East & North Africa,MEA,11.13 lacs,11.52 lacs,12.06 lacs,11.98 lacs,12.2 lacs,11.28 lacs,11.07 lacs,11.23 lacs,11.5 lacs,12.04 lacs,12.1 lacs,12.23 lacs,11.92 lacs,10.76 lacs,10.91 lacs,10.16 lacs,9.63 lacs,9.28 lacs,9.41 lacs,9.55 lacs,10.05 lacs,10.17 lacs,9.92 lacs,10.04 lacs,10.18 lacs,10.24 lacs,10.26 lacs,9.88 lacs,9.15 lacs,10.54 lacs,10.53 lacs
Mexico,MEX,3.15 lacs,3.24 lacs,3.37 lacs,4.44 lacs,7.1 lacs,5.47 lacs,4.24 lacs,3.73 lacs,2.6 lacs,2.65 lacs,2.63 lacs,3 lacs,3.46 lacs,3.94 lacs,3.56 lacs,3.57 lacs,3.63 lacs,3.87 lacs,5.36 lacs,5.3 lacs,5.17 lacs,4.89 lacs,4.91 lacs,4.81 lacs,4.31 lacs,3.86 lacs,3.42 lacs,3.28 lacs,3.48 lacs,4.45 lacs,4.38 lacs
Middle income,MIC,4.22 lacs,4.29 lacs,4.52 lacs,4.86 lacs,5.16 lacs,5.26 lacs,5.35 lacs,5.58 lacs,5.74 lacs,5.57 lacs,5.7 lacs,5.84 lacs,5.94 lacs,5.78 lacs,5.74 lacs,5.54 lacs,5.39 lacs,5.32 lacs,5.6 lacs,5.38 lacs,5.29 lacs,5.26 lacs,5.27 lacs,5.26 lacs,5.42 lacs,5.59 lacs,5.6 lacs,5.5 lacs,5.53 lacs,6.67 lacs,6.32 lacs
North Macedonia,MKD,24.5 lacs,26.3 lacs,27.7 lacs,30 lacs,35.6 lacs,38.8 lacs,36 lacs,34.5 lacs,32.4 lacs,32.2 lacs,30.52 lacs,31.94 lacs,36.69 lacs,37.16 lacs,37.25 lacs,36.03 lacs,34.93 lacs,33.76 lacs,32.18 lacs,32.02 lacs,31.38 lacs,31.02 lacs,29 lacs,28.03 lacs,,23.72 lacs,22.38 lacs,20.74 lacs,17.26 lacs,17.2 lacs,16.2 lacs
Mali,MLI,3.52 lacs,3.54 lacs,3.47 lacs,3.43 lacs,3.4 lacs,3.33 lacs,3.3 lacs,4.05 lacs,4.82 lacs,5.63 lacs,6.3 lacs,7.16 lacs,7.9 lacs,8.75 lacs,9.69 lacs,10.7 lacs,11.71 lacs,10.49 lacs,9.29 lacs,8.07 lacs,6.9 lacs,6.65 lacs,6.35 lacs,6.38 lacs,7.73 lacs,7.57 lacs,7.41 lacs,7.43 lacs,7.44 lacs,7.7 lacs,7.72 lacs
Malta,MLT,6.15 lacs,6.16 lacs,6.18 lacs,6.2 lacs,6.22 lacs,6.24 lacs,6.26 lacs,6.28 lacs,6.3 lacs,6.32 lacs,7.11 lacs,6.9 lacs,7.49 lacs,7.32 lacs,6.92 lacs,6.8 lacs,6.47 lacs,5.98 lacs,6.89 lacs,6.85 lacs,6.38 lacs,6.2 lacs,6.11 lacs,5.72 lacs,5.38 lacs,4.69 lacs,4 lacs,3.66 lacs,3.62 lacs,4.26 lacs,3.5 lacs
Myanmar,MMR,0.75 lacs,0.66 lacs,0.7 lacs,0.69 lacs,0.69 lacs,0.7 lacs,0.71 lacs,0.71 lacs,0.67 lacs,0.65 lacs,0.67 lacs,0.67 lacs,0.66 lacs,0.67 lacs,0.67 lacs,0.68 lacs,0.69 lacs,0.71 lacs,0.71 lacs,0.72 lacs,0.77 lacs,0.75 lacs,0.75 lacs,0.75 lacs,0.77 lacs,1.18 lacs,1.56 lacs,0.87 lacs,0.5 lacs,1.06 lacs,2.17 lacs
Middle East & North Africa (excluding high income),MNA,11.86 lacs,12.14 lacs,12.83 lacs,12.87 lacs,13.33 lacs,12.3 lacs,12.04 lacs,12.23 lacs,12.55 lacs,13.18 lacs,13.24 lacs,13.33 lacs,12.94 lacs,11.6 lacs,11.85 lacs,11.06 lacs,10.59 lacs,10.37 lacs,10.51 lacs,10.78 lacs,11.51 lacs,11.75 lacs,11.48 lacs,11.67 lacs,11.93 lacs,12.05 lacs,12.07 lacs,11.62 lacs,10.77 lacs,12.24 lacs,12.19 lacs
Montenegro,MNE,25.42 lacs,25.59 lacs,25.8 lacs,26.72 lacs,27.55 lacs,27.91 lacs,27.96 lacs,28.12 lacs,27.59 lacs,28.59 lacs,28.74 lacs,29.13 lacs,29.52 lacs,30.01 lacs,30.31 lacs,25.1 lacs,19.4 lacs,17.15 lacs,19.09 lacs,19.65 lacs,19.67 lacs,19.97 lacs,19.5 lacs,18 lacs,17.54 lacs,17.72 lacs,16.07 lacs,15.17 lacs,15.12 lacs,17.9 lacs,18.49 lacs
Mongolia,MNG,6.39 lacs,6.42 lacs,6.27 lacs,6.14 lacs,6.05 lacs,6.16 lacs,6.12 lacs,6.14 lacs,6.16 lacs,6.23 lacs,6.21 lacs,6.2 lacs,6.8 lacs,6.82 lacs,7.04 lacs,7.13 lacs,7.2 lacs,5.56 lacs,5.86 lacs,6.55 lacs,4.77 lacs,3.9 lacs,4.23 lacs,4.8 lacs,4.86 lacs,7.24 lacs,6.36 lacs,5.38 lacs,5.44 lacs,7.01 lacs,7.08 lacs
Mozambique,MOZ,2.71 lacs,2.76 lacs,2.69 lacs,2.71 lacs,2.73 lacs,2.7 lacs,2.7 lacs,2.74 lacs,2.77 lacs,2.85 lacs,2.84 lacs,2.89 lacs,2.94 lacs,2.97 lacs,3.02 lacs,3.04 lacs,3.09 lacs,3.13 lacs,3.17 lacs,3.22 lacs,3.26 lacs,3.3 lacs,3.34 lacs,3.38 lacs,3.43 lacs,3.45 lacs,3.45 lacs,3.46 lacs,3.47 lacs,3.81 lacs,3.98 lacs
Mauritania,MRT,9.93 lacs,9.92 lacs,9.88 lacs,9.93 lacs,9.83 lacs,9.84 lacs,9.89 lacs,9.83 lacs,9.81 lacs,9.85 lacs,9.83 lacs,9.82 lacs,9.79 lacs,9.81 lacs,9.79 lacs,9.73 lacs,9.88 lacs,9.87 lacs,9.87 lacs,9.86 lacs,9.86 lacs,9.86 lacs,9.96 lacs,10.05 lacs,10.14 lacs,10.26 lacs,10.34 lacs,10.39 lacs,10.39 lacs,11.27 lacs,11.46 lacs
Mauritius,MUS,9.63 lacs,9.6 lacs,9.61 lacs,9.6 lacs,9.59 lacs,9.5 lacs,9.43 lacs,9.35 lacs,9.3 lacs,9.18 lacs,9.14 lacs,8.2 lacs,8.25 lacs,8.34 lacs,9.52 lacs,9.04 lacs,8.48 lacs,7.17 lacs,7.26 lacs,7.65 lacs,7.45 lacs,7.47 lacs,7.32 lacs,7.47 lacs,7.41 lacs,6.81 lacs,6.75 lacs,6.43 lacs,6.33 lacs,7.41 lacs,7.41 lacs
Malawi,MWI,5.61 lacs,5.71 lacs,5.64 lacs,5.76 lacs,5.63 lacs,5.7 lacs,5.73 lacs,5.75 lacs,5.77 lacs,5.79 lacs,5.84 lacs,5.81 lacs,5.8 lacs,5.82 lacs,5.84 lacs,5.85 lacs,5.84 lacs,5.86 lacs,5.87 lacs,5.89 lacs,5.92 lacs,5.95 lacs,5.95 lacs,5.9 lacs,5.86 lacs,5.82 lacs,5.76 lacs,5.76 lacs,5.75 lacs,6.7 lacs,7.02 lacs
Malaysia,MYS,3.65 lacs,3.71 lacs,4.11 lacs,3.65 lacs,3.15 lacs,2.52 lacs,2.45 lacs,3.2 lacs,3.43 lacs,3 lacs,3.53 lacs,3.48 lacs,3.61 lacs,3.54 lacs,3.53 lacs,3.31 lacs,3.23 lacs,3.32 lacs,3.66 lacs,3.39 lacs,3.05 lacs,3.1 lacs,3.16 lacs,2.88 lacs,3.1 lacs,3.44 lacs,3.41 lacs,3.3 lacs,3.26 lacs,4.5 lacs,4.61 lacs
North America,NAC,7.16 lacs,7.88 lacs,7.35 lacs,6.55 lacs,6.03 lacs,5.86 lacs,5.41 lacs,4.89 lacs,4.56 lacs,4.28 lacs,4.98 lacs,5.97 lacs,6.16 lacs,5.7 lacs,5.26 lacs,4.8 lacs,4.77 lacs,5.82 lacs,9.15 lacs,9.46 lacs,8.79 lacs,7.98 lacs,7.34 lacs,6.25 lacs,5.46 lacs,5.1 lacs,4.58 lacs,4.11 lacs,3.89 lacs,8.21 lacs,5.7 lacs
Namibia,NAM,19.14 lacs,19.21 lacs,19.38 lacs,19.4 lacs,21.06 lacs,22.77 lacs,24.45 lacs,23.08 lacs,21.69 lacs,20.3 lacs,20.8 lacs,21.23 lacs,21.72 lacs,22.09 lacs,22.22 lacs,22.14 lacs,22.16 lacs,22.19 lacs,22.21 lacs,22.12 lacs,19.46 lacs,16.77 lacs,19.03 lacs,18.52 lacs,20.91 lacs,23.35 lacs,21.64 lacs,19.88 lacs,19.99 lacs,21.45 lacs,21.68 lacs
New Caledonia,NCL,18.07 lacs,18.46 lacs,18.5 lacs,18.38 lacs,18.15 lacs,18.64 lacs,18.26 lacs,18.42 lacs,17.83 lacs,17.48 lacs,17.23 lacs,16.93 lacs,16.5 lacs,16.31 lacs,15.85 lacs,15.22 lacs,14.83 lacs,14.58 lacs,13.97 lacs,13.81 lacs,14.07 lacs,14.35 lacs,14.47 lacs,14.59 lacs,14.73 lacs,14.69 lacs,14.78 lacs,14.85 lacs,14.91 lacs,16.43 lacs,16.57 lacs
Niger,NER,1.35 lacs,1.35 lacs,1.38 lacs,1.38 lacs,1.39 lacs,1.42 lacs,1.43 lacs,1.41 lacs,1.47 lacs,1.49 lacs,1.47 lacs,1.89 lacs,2.32 lacs,2.75 lacs,3.1 lacs,2.65 lacs,2.2 lacs,1.71 lacs,1.27 lacs,0.78 lacs,0.32 lacs,2.18 lacs,1.37 lacs,0.52 lacs,0.53 lacs,0.53 lacs,0.54 lacs,0.55 lacs,0.55 lacs,0.62 lacs,0.75 lacs
Nigeria,NGA,4.12 lacs,4.09 lacs,4.1 lacs,4.09 lacs,4.06 lacs,4.03 lacs,4.01 lacs,4 lacs,3.99 lacs,3.95 lacs,3.93 lacs,3.88 lacs,3.9 lacs,3.88 lacs,3.87 lacs,3.86 lacs,3.84 lacs,3.82 lacs,3.8 lacs,3.78 lacs,3.77 lacs,3.74 lacs,3.7 lacs,4.56 lacs,4.31 lacs,7.06 lacs,8.39 lacs,8.46 lacs,8.53 lacs,9.71 lacs,9.79 lacs
Nicaragua,NIC,6.93 lacs,6.97 lacs,7.05 lacs,7.01 lacs,7 lacs,7.05 lacs,7.17 lacs,7.24 lacs,7.21 lacs,7.35 lacs,7.45 lacs,7.58 lacs,7.6 lacs,6.41 lacs,5.37 lacs,5.31 lacs,4.89 lacs,6.2 lacs,8.16 lacs,7.83 lacs,6.5 lacs,5.21 lacs,5.28 lacs,4.52 lacs,4.7 lacs,3.9 lacs,3.3 lacs,5.2 lacs,5.21 lacs,6.08 lacs,5.96 lacs
Netherlands,NLD,7.28 lacs,5.56 lacs,6.29 lacs,7.16 lacs,7.16 lacs,6.42 lacs,5.51 lacs,4.39 lacs,3.62 lacs,2.73 lacs,2.12 lacs,2.55 lacs,3.59 lacs,4.65 lacs,5.87 lacs,5 lacs,4.15 lacs,3.65 lacs,4.35 lacs,4.99 lacs,4.98 lacs,5.82 lacs,7.24 lacs,7.42 lacs,6.87 lacs,6.01 lacs,4.84 lacs,3.83 lacs,3.38 lacs,3.82 lacs,4.01 lacs
Norway,NOR,5.41 lacs,5.91 lacs,5.97 lacs,5.35 lacs,6.31 lacs,5.04 lacs,4.69 lacs,3.74 lacs,3.25 lacs,3.46 lacs,3.74 lacs,4.02 lacs,4.22 lacs,4.26 lacs,4.38 lacs,3.4 lacs,2.49 lacs,2.55 lacs,3.1 lacs,3.52 lacs,3.21 lacs,3.12 lacs,3.42 lacs,3.48 lacs,4.3 lacs,4.68 lacs,4.16 lacs,3.8 lacs,3.69 lacs,4.42 lacs,4.99 lacs
Nepal,NPL,1.77 lacs,1.71 lacs,1.72 lacs,1.89 lacs,1.74 lacs,1.82 lacs,1.83 lacs,1.78 lacs,1.85 lacs,1.86 lacs,1.75 lacs,1.54 lacs,1.6 lacs,1.55 lacs,1.46 lacs,1.39 lacs,1.33 lacs,1.33 lacs,1.55 lacs,1.82 lacs,2.03 lacs,2.33 lacs,2.55 lacs,2.94 lacs,3.1 lacs,2.87 lacs,3.32 lacs,3.19 lacs,3.1 lacs,4.72 lacs,5.05 lacs
New Zealand,NZL,10.61 lacs,10.67 lacs,9.8 lacs,8.35 lacs,6.46 lacs,6.29 lacs,6.86 lacs,7.72 lacs,7.02 lacs,6.13 lacs,5.43 lacs,5.28 lacs,4.75 lacs,4.01 lacs,3.81 lacs,3.86 lacs,3.66 lacs,4.17 lacs,6.12 lacs,6.56 lacs,6.49 lacs,6.93 lacs,5.84 lacs,5.43 lacs,5.41 lacs,5.15 lacs,4.74 lacs,4.33 lacs,4.11 lacs,4.59 lacs,4.12 lacs
OECD members,OED,6.76 lacs,7.27 lacs,7.75 lacs,7.83 lacs,7.61 lacs,7.55 lacs,7.25 lacs,7.22 lacs,7.18 lacs,6.78 lacs,6.62 lacs,7.13 lacs,7.25 lacs,7.14 lacs,6.8 lacs,6.26 lacs,5.77 lacs,6.1 lacs,8.25 lacs,8.42 lacs,8.03 lacs,8.01 lacs,7.92 lacs,7.41 lacs,6.85 lacs,6.43 lacs,5.9 lacs,5.46 lacs,5.4 lacs,7.1 lacs,6.33 lacs
Oman,OMN,4.01 lacs,4.01 lacs,4.07 lacs,4.11 lacs,4.1 lacs,4.13 lacs,4.09 lacs,4.14 lacs,4.18 lacs,4.09 lacs,4.13 lacs,4.2 lacs,4.23 lacs,4.18 lacs,4.18 lacs,4.15 lacs,4.18 lacs,4.14 lacs,4.05 lacs,3.99 lacs,3.87 lacs,3.68 lacs,3.62 lacs,3.54 lacs,3.39 lacs,3.27 lacs,2.57 lacs,1.8 lacs,1.85 lacs,2.94 lacs,3.12 lacs
Other small states,OSS,11.71 lacs,12.3 lacs,13.01 lacs,13.41 lacs,13.86 lacs,14.11 lacs,14.34 lacs,14.06 lacs,13.97 lacs,13.66 lacs,13.69 lacs,13.47 lacs,13.67 lacs,13.3 lacs,12.86 lacs,12.08 lacs,11.42 lacs,10.98 lacs,11.48 lacs,11.6 lacs,11.06 lacs,10.73 lacs,10.87 lacs,10.66 lacs,10.61 lacs,10.61 lacs,10.28 lacs,9.92 lacs,9.79 lacs,11.01 lacs,10.98 lacs
Pakistan,PAK,0.62 lacs,0.66 lacs,0.56 lacs,0.59 lacs,0.6 lacs,0.6 lacs,0.54 lacs,0.56 lacs,0.57 lacs,0.58 lacs,0.56 lacs,0.55 lacs,0.59 lacs,0.61 lacs,0.59 lacs,0.58 lacs,0.4 lacs,0.42 lacs,0.54 lacs,0.65 lacs,0.8 lacs,1.85 lacs,2.95 lacs,1.83 lacs,3.57 lacs,3.78 lacs,3.92 lacs,4.08 lacs,3.54 lacs,4.3 lacs,4.35 lacs
Panama,PAN,3.73 lacs,3.76 lacs,3.8 lacs,3.81 lacs,3.79 lacs,3.78 lacs,3.77 lacs,3.77 lacs,3.82 lacs,3.81 lacs,3.82 lacs,3.79 lacs,3.79 lacs,3.74 lacs,3.75 lacs,3.7 lacs,3.68 lacs,3.74 lacs,3.85 lacs,3.72 lacs,2.38 lacs,2.39 lacs,2.29 lacs,2.71 lacs,2.98 lacs,3.26 lacs,3.86 lacs,3.83 lacs,4.73 lacs,12.85 lacs,12.09 lacs
Peru,PER,4.56 lacs,4.72 lacs,4.5 lacs,4.25 lacs,4.48 lacs,4.72 lacs,4.59 lacs,4.95 lacs,4.9 lacs,4.88 lacs,5.03 lacs,4.84 lacs,4.15 lacs,4.7 lacs,4.88 lacs,4.18 lacs,4.04 lacs,4.04 lacs,3.98 lacs,3.58 lacs,3.48 lacs,3.24 lacs,3.57 lacs,3.21 lacs,3.27 lacs,3.74 lacs,3.69 lacs,3.49 lacs,3.38 lacs,7.18 lacs,4.83 lacs
Philippines,PHL,3.78 lacs,3.75 lacs,3.7 lacs,3.63 lacs,3.63 lacs,3.59 lacs,3.62 lacs,3.81 lacs,3.69 lacs,3.65 lacs,3.7 lacs,3.63 lacs,3.53 lacs,3.55 lacs,3.8 lacs,4.05 lacs,3.43 lacs,3.72 lacs,3.86 lacs,3.61 lacs,3.59 lacs,3.5 lacs,3.5 lacs,3.6 lacs,3.07 lacs,2.7 lacs,2.55 lacs,2.34 lacs,2.24 lacs,2.52 lacs,2.41 lacs
Papua New Guinea,PNG,2.54 lacs,2.49 lacs,2.43 lacs,2.65 lacs,2.84 lacs,2.65 lacs,2.89 lacs,2.9 lacs,2.82 lacs,2.92 lacs,2.8 lacs,2.73 lacs,2.62 lacs,2.54 lacs,2.41 lacs,2.36 lacs,2.24 lacs,2.31 lacs,2.12 lacs,2 lacs,2.62 lacs,2.54 lacs,2.55 lacs,2.38 lacs,2.48 lacs,2.48 lacs,2.51 lacs,2.56 lacs,2.45 lacs,2.6 lacs,2.75 lacs
Poland,POL,12.98 lacs,13.65 lacs,14.39 lacs,14.83 lacs,13.7 lacs,12.68 lacs,10.96 lacs,9.94 lacs,12.29 lacs,16.31 lacs,18.37 lacs,19.89 lacs,19.37 lacs,19.07 lacs,17.75 lacs,13.84 lacs,9.6 lacs,7.12 lacs,8.17 lacs,9.64 lacs,9.63 lacs,10.09 lacs,10.33 lacs,8.99 lacs,7.5 lacs,6.16 lacs,4.89 lacs,3.85 lacs,3.28 lacs,3.16 lacs,3.37 lacs
Pre-demographic dividend,PRE,5.16 lacs,5.18 lacs,5.18 lacs,5.13 lacs,5.08 lacs,5.05 lacs,5.01 lacs,4.99 lacs,5.02 lacs,5.06 lacs,5.07 lacs,5.11 lacs,5.13 lacs,5.09 lacs,5.07 lacs,5.06 lacs,5.01 lacs,4.95 lacs,4.96 lacs,5.35 lacs,5.27 lacs,5.19 lacs,5.05 lacs,5.18 lacs,5.19 lacs,5.68 lacs,6.06 lacs,6.13 lacs,6.2 lacs,6.94 lacs,7.07 lacs
Puerto Rico,PRI,16.18 lacs,16.93 lacs,16.91 lacs,14.6 lacs,13.93 lacs,13.64 lacs,13.8 lacs,13.46 lacs,11.81 lacs,10.08 lacs,11.4 lacs,11.94 lacs,11.78 lacs,10.31 lacs,11.35 lacs,11.01 lacs,10.93 lacs,11.48 lacs,15 lacs,16.1 lacs,15.7 lacs,14.5 lacs,14.3 lacs,13.9 lacs,12 lacs,11.8 lacs,10.8 lacs,9.2 lacs,8.3 lacs,8.89 lacs,8.27 lacs
"Korea, Dem. People's Rep.",PRK,2.3 lacs,2.31 lacs,2.42 lacs,2.54 lacs,2.55 lacs,2.6 lacs,2.68 lacs,2.83 lacs,2.97 lacs,2.93 lacs,2.94 lacs,2.9 lacs,2.91 lacs,2.86 lacs,2.84 lacs,2.81 lacs,2.82 lacs,2.77 lacs,2.78 lacs,2.71 lacs,2.78 lacs,2.81 lacs,2.8 lacs,2.74 lacs,2.74 lacs,2.76 lacs,2.7 lacs,2.63 lacs,2.59 lacs,2.92 lacs,2.59 lacs
Portugal,PRT,3.92 lacs,3.98 lacs,5.3 lacs,6.71 lacs,7.06 lacs,7.3 lacs,6.57 lacs,4.65 lacs,4.58 lacs,3.81 lacs,3.83 lacs,4.5 lacs,6.13 lacs,6.32 lacs,7.58 lacs,7.65 lacs,7.96 lacs,7.55 lacs,9.43 lacs,10.77 lacs,12.68 lacs,15.53 lacs,16.18 lacs,13.89 lacs,12.44 lacs,11.07 lacs,8.87 lacs,6.99 lacs,6.46 lacs,6.79 lacs,6.65 lacs
Paraguay,PRY,5.1 lacs,4.98 lacs,5.06 lacs,4.41 lacs,3.4 lacs,8.15 lacs,5.36 lacs,4.42 lacs,5.34 lacs,7.61 lacs,6.21 lacs,9.39 lacs,6.81 lacs,6.51 lacs,4.82 lacs,5.28 lacs,4.71 lacs,4.42 lacs,5.46 lacs,4.57 lacs,4.67 lacs,4.09 lacs,4.38 lacs,5.03 lacs,4.56 lacs,5.25 lacs,4.61 lacs,6.22 lacs,6.59 lacs,7.55 lacs,7.21 lacs
West Bank and Gaza,PSE,11.6 lacs,11.31 lacs,11.29 lacs,11.15 lacs,11.1 lacs,11.03 lacs,10.83 lacs,10.72 lacs,10.64 lacs,10.63 lacs,21.49 lacs,27.46 lacs,23 lacs,23.21 lacs,20.02 lacs,19.01 lacs,18.28 lacs,22.91 lacs,20.45 lacs,21.42 lacs,17.6 lacs,19.2 lacs,19.89 lacs,20.53 lacs,23 lacs,23.94 lacs,25.68 lacs,26.26 lacs,25.34 lacs,25.89 lacs,24.9 lacs
Pacific island small states,PSS,2.75 lacs,2.66 lacs,2.75 lacs,2.74 lacs,2.8 lacs,2.87 lacs,2.99 lacs,2.99 lacs,2.96 lacs,3.18 lacs,3.15 lacs,3.13 lacs,3.09 lacs,2.99 lacs,2.97 lacs,2.95 lacs,3.06 lacs,3.1 lacs,3.25 lacs,3.11 lacs,3.05 lacs,3.15 lacs,2.95 lacs,2.91 lacs,2.88 lacs,2.83 lacs,2.82 lacs,2.85 lacs,2.88 lacs,3.13 lacs,3.42 lacs
Post-demographic dividend,PST,6.3 lacs,6.92 lacs,7.5 lacs,7.51 lacs,7.39 lacs,7.56 lacs,7.36 lacs,7.38 lacs,7.11 lacs,6.53 lacs,6.37 lacs,6.75 lacs,6.84 lacs,6.65 lacs,6.35 lacs,5.93 lacs,5.52 lacs,5.86 lacs,8.01 lacs,8.29 lacs,8 lacs,8.06 lacs,7.96 lacs,7.44 lacs,6.87 lacs,6.4 lacs,5.84 lacs,5.29 lacs,4.95 lacs,6.7 lacs,5.81 lacs
French Polynesia,PYF,11.97 lacs,12.2 lacs,12.22 lacs,12.13 lacs,12.1 lacs,12.07 lacs,11.93 lacs,11.61 lacs,11.71 lacs,11.67 lacs,11.8 lacs,11.71 lacs,11.62 lacs,11.7 lacs,11.76 lacs,11.79 lacs,11.74 lacs,11.91 lacs,12.26 lacs,12.2 lacs,12.29 lacs,12.21 lacs,12.17 lacs,12.2 lacs,12.17 lacs,12.18 lacs,12.21 lacs,12.25 lacs,12.3 lacs,14.1 lacs,14.39 lacs
Qatar,QAT,0.81 lacs,0.81 lacs,0.81 lacs,0.82 lacs,0.82 lacs,0.83 lacs,0.83 lacs,0.83 lacs,0.84 lacs,0.84 lacs,0.85 lacs,0.85 lacs,0.86 lacs,0.86 lacs,0.87 lacs,0.87 lacs,0.52 lacs,0.31 lacs,0.31 lacs,0.45 lacs,0.56 lacs,0.48 lacs,0.28 lacs,0.2 lacs,0.17 lacs,0.15 lacs,0.14 lacs,0.11 lacs,0.1 lacs,0.21 lacs,0.26 lacs
Romania,ROU,8.07 lacs,8.26 lacs,8.36 lacs,8.17 lacs,8.01 lacs,6.74 lacs,5.51 lacs,5.63 lacs,6.24 lacs,6.97 lacs,6.56 lacs,8.11 lacs,6.95 lacs,7.72 lacs,7.17 lacs,7.27 lacs,6.41 lacs,5.79 lacs,6.86 lacs,6.96 lacs,7.18 lacs,6.79 lacs,7.1 lacs,6.8 lacs,6.81 lacs,5.9 lacs,4.93 lacs,4.19 lacs,3.91 lacs,5.03 lacs,5.17 lacs
Russian Federation,RUS,5.41 lacs,5.18 lacs,5.88 lacs,8.13 lacs,9.45 lacs,9.67 lacs,11.81 lacs,13.26 lacs,13.04 lacs,10.58 lacs,8.98 lacs,7.88 lacs,8.21 lacs,7.76 lacs,7.12 lacs,7.06 lacs,6 lacs,6.21 lacs,8.3 lacs,7.37 lacs,6.54 lacs,5.44 lacs,5.46 lacs,5.16 lacs,5.57 lacs,5.56 lacs,5.21 lacs,4.85 lacs,4.5 lacs,5.59 lacs,5.01 lacs
Rwanda,RWA,0.3 lacs,0.34 lacs,0.41 lacs,0.47 lacs,0.5 lacs,0.56 lacs,0.61 lacs,0.68 lacs,0.74 lacs,0.79 lacs,0.84 lacs,0.89 lacs,0.94 lacs,0.95 lacs,0.96 lacs,0.99 lacs,1.01 lacs,1.02 lacs,1.06 lacs,1.08 lacs,1.1 lacs,1.12 lacs,1.15 lacs,1.17 lacs,1.15 lacs,1.14 lacs,1.14 lacs,1.11 lacs,1.1 lacs,1.49 lacs,1.61 lacs
South Asia,SAS,5.02 lacs,5.12 lacs,5.08 lacs,5.12 lacs,5.13 lacs,5.09 lacs,4.98 lacs,5.02 lacs,5.07 lacs,4.93 lacs,4.97 lacs,4.98 lacs,5.1 lacs,5.08 lacs,5.06 lacs,4.96 lacs,4.96 lacs,4.85 lacs,5.01 lacs,4.84 lacs,4.79 lacs,4.91 lacs,5.07 lacs,4.97 lacs,5.14 lacs,5.15 lacs,5.12 lacs,5.12 lacs,5.02 lacs,7.24 lacs,5.79 lacs
Saudi Arabia,SAU,7.07 lacs,7.2 lacs,6.85 lacs,6.41 lacs,6 lacs,5.56 lacs,5.15 lacs,4.72 lacs,4.35 lacs,4.57 lacs,4.62 lacs,5.27 lacs,5.56 lacs,5.82 lacs,6.05 lacs,6.25 lacs,5.73 lacs,5.08 lacs,5.38 lacs,5.55 lacs,5.77 lacs,5.52 lacs,5.57 lacs,5.72 lacs,5.59 lacs,5.65 lacs,5.89 lacs,6.04 lacs,5.67 lacs,7.45 lacs,7.36 lacs
Sudan,SDN,15.55 lacs,15.56 lacs,15.56 lacs,15.56 lacs,15.46 lacs,15.42 lacs,15.33 lacs,15.35 lacs,15.31 lacs,15.23 lacs,15.18 lacs,15.13 lacs,15.07 lacs,15.05 lacs,14.97 lacs,14.89 lacs,14.82 lacs,14.8 lacs,13 lacs,15.2 lacs,17.44 lacs,17.45 lacs,17.41 lacs,17.43 lacs,17.49 lacs,17.52 lacs,17.53 lacs,17.58 lacs,17.65 lacs,19.65 lacs,19.81 lacs
Senegal,SEN,5.57 lacs,5.59 lacs,5.59 lacs,5.61 lacs,5.57 lacs,5.6 lacs,5.6 lacs,5.58 lacs,5.58 lacs,5.61 lacs,5.61 lacs,5.65 lacs,6.69 lacs,7.79 lacs,8.9 lacs,10.03 lacs,10.08 lacs,10.13 lacs,10.21 lacs,10.26 lacs,10.36 lacs,9.44 lacs,8.58 lacs,7.65 lacs,6.76 lacs,4.46 lacs,3.69 lacs,3.28 lacs,2.86 lacs,3.62 lacs,3.72 lacs
Singapore,SGP,2.18 lacs,3.09 lacs,3.07 lacs,3.03 lacs,3.3 lacs,3.57 lacs,2.5 lacs,3.41 lacs,4.85 lacs,3.7 lacs,3.76 lacs,5.65 lacs,5.93 lacs,5.84 lacs,5.59 lacs,4.48 lacs,3.9 lacs,3.96 lacs,5.86 lacs,4.12 lacs,3.89 lacs,3.72 lacs,3.86 lacs,3.74 lacs,3.79 lacs,4.08 lacs,4.2 lacs,3.64 lacs,3.1 lacs,4.1 lacs,3.62 lacs
Solomon Islands,SLB,1.32 lacs,1.25 lacs,1.4 lacs,1.36 lacs,1.36 lacs,1.53 lacs,1.61 lacs,1.59 lacs,1.66 lacs,2.03 lacs,1.91 lacs,1.83 lacs,1.66 lacs,1.7 lacs,1.76 lacs,1.82 lacs,1.88 lacs,1.89 lacs,2.02 lacs,1.58 lacs,1.3 lacs,1.05 lacs,0.69 lacs,0.73 lacs,0.73 lacs,0.7 lacs,0.71 lacs,0.72 lacs,0.75 lacs,0.92 lacs,1.03 lacs
Sierra Leone,SLE,3.46 lacs,3.51 lacs,3.46 lacs,3.47 lacs,3.48 lacs,3.45 lacs,3.47 lacs,3.45 lacs,3.45 lacs,3.43 lacs,3.46 lacs,3.39 lacs,3.42 lacs,3.42 lacs,3.55 lacs,3.67 lacs,3.79 lacs,3.92 lacs,4.05 lacs,4.17 lacs,4.29 lacs,4.4 lacs,4.51 lacs,4.68 lacs,4.74 lacs,4.66 lacs,4.66 lacs,4.66 lacs,4.65 lacs,5.2 lacs,5.33 lacs
El Salvador,SLV,7.53 lacs,7.88 lacs,9.94 lacs,7.68 lacs,7.65 lacs,7.68 lacs,7.98 lacs,7.1 lacs,6.68 lacs,6.96 lacs,6.96 lacs,5.73 lacs,6.26 lacs,6.05 lacs,7.22 lacs,6.57 lacs,6.41 lacs,5.88 lacs,7.33 lacs,4.89 lacs,4.3 lacs,3.84 lacs,3.69 lacs,4.15 lacs,4 lacs,4.42 lacs,4.39 lacs,4.01 lacs,4.17 lacs,6.25 lacs,5.94 lacs
Somalia,SOM,19.19 lacs,19.27 lacs,19.16 lacs,19.33 lacs,19.14 lacs,19.1 lacs,19.14 lacs,19.08 lacs,19.06 lacs,19.05 lacs,19.04 lacs,19.02 lacs,19.02 lacs,19.02 lacs,19.01 lacs,19.01 lacs,18.9 lacs,18.92 lacs,18.94 lacs,18.96 lacs,18.98 lacs,18.97 lacs,18.95 lacs,18.93 lacs,18.9 lacs,18.89 lacs,18.88 lacs,18.85 lacs,18.83 lacs,19.72 lacs,19.86 lacs
Serbia,SRB,13.33 lacs,12.94 lacs,12.82 lacs,13.4 lacs,13.4 lacs,13.2 lacs,13.8 lacs,13.7 lacs,13.7 lacs,12.6 lacs,12.8 lacs,13.8 lacs,15.2 lacs,18.5 lacs,20.85 lacs,20.85 lacs,18.06 lacs,13.7 lacs,16.14 lacs,19.22 lacs,22.97 lacs,24 lacs,22.15 lacs,19.22 lacs,17.66 lacs,15.26 lacs,13.48 lacs,12.73 lacs,10.39 lacs,9.01 lacs,11.81 lacs
Sub-Saharan Africa (excluding high income),SSA,6.51 lacs,6.58 lacs,6.6 lacs,6.59 lacs,6.58 lacs,6.6 lacs,6.63 lacs,6.62 lacs,6.69 lacs,6.67 lacs,6.65 lacs,6.77 lacs,6.65 lacs,6.35 lacs,6.22 lacs,6.12 lacs,5.95 lacs,5.65 lacs,5.67 lacs,6 lacs,5.93 lacs,5.85 lacs,5.71 lacs,5.79 lacs,5.82 lacs,6.24 lacs,6.47 lacs,6.48 lacs,6.61 lacs,7.28 lacs,7.66 lacs
South Sudan,SSD,11.91 lacs,11.95 lacs,11.98 lacs,12.02 lacs,12 lacs,12.01 lacs,12 lacs,12.05 lacs,12.06 lacs,12.06 lacs,12.07 lacs,12.08 lacs,12.09 lacs,12.12 lacs,12.11 lacs,12.11 lacs,12.11 lacs,12.15 lacs,12.18 lacs,12.18 lacs,12.2 lacs,12.2 lacs,12.13 lacs,12.19 lacs,12.27 lacs,12.3 lacs,12.25 lacs,12.24 lacs,12.23 lacs,14.03 lacs,13.91 lacs
Sub-Saharan Africa,SSF,6.51 lacs,6.58 lacs,6.6 lacs,6.59 lacs,6.58 lacs,6.6 lacs,6.63 lacs,6.62 lacs,6.69 lacs,6.67 lacs,6.65 lacs,6.77 lacs,6.65 lacs,6.35 lacs,6.22 lacs,6.12 lacs,5.95 lacs,5.65 lacs,5.67 lacs,6 lacs,5.93 lacs,5.85 lacs,5.71 lacs,5.79 lacs,5.82 lacs,6.24 lacs,6.47 lacs,6.48 lacs,6.61 lacs,7.28 lacs,7.66 lacs
Small states,SST,12.27 lacs,12.77 lacs,13.3 lacs,13.36 lacs,13.57 lacs,13.66 lacs,13.78 lacs,13.42 lacs,13.3 lacs,12.97 lacs,12.85 lacs,12.64 lacs,12.57 lacs,12.2 lacs,11.76 lacs,10.96 lacs,10.39 lacs,10.13 lacs,10.73 lacs,10.86 lacs,10.5 lacs,10.39 lacs,10.6 lacs,10.29 lacs,10.2 lacs,10.21 lacs,9.8 lacs,9.34 lacs,9.11 lacs,10.39 lacs,10.37 lacs
Sao Tome and Principe,STP,14.38 lacs,14.39 lacs,14.39 lacs,14.37 lacs,14.38 lacs,14.39 lacs,14.39 lacs,14.37 lacs,14.37 lacs,14.4 lacs,15.73 lacs,17.63 lacs,16.36 lacs,16.12 lacs,16.47 lacs,16.65 lacs,16.23 lacs,15.63 lacs,15.2 lacs,14.6 lacs,14.11 lacs,13.59 lacs,13.65 lacs,13.7 lacs,13.82 lacs,13.89 lacs,13.97 lacs,14.06 lacs,14.14 lacs,15.75 lacs,15.91 lacs
Suriname,SUR,17.07 lacs,17.28 lacs,15.64 lacs,12.7 lacs,8.39 lacs,10.88 lacs,10.56 lacs,10.63 lacs,13.6 lacs,12.74 lacs,11.91 lacs,11.15 lacs,10.31 lacs,9.49 lacs,9.38 lacs,9.19 lacs,9.03 lacs,8.88 lacs,8.72 lacs,7.15 lacs,7.54 lacs,8.1 lacs,6.6 lacs,6.94 lacs,7.22 lacs,7.92 lacs,7.9 lacs,7.93 lacs,8.04 lacs,9.78 lacs,10.06 lacs
Slovak Republic,SVK,11.58 lacs,11.87 lacs,12.2 lacs,13.65 lacs,13.11 lacs,11.34 lacs,11.89 lacs,12.19 lacs,15.95 lacs,19.06 lacs,19.38 lacs,18.72 lacs,17.12 lacs,18.6 lacs,16.26 lacs,13.37 lacs,11.14 lacs,9.51 lacs,12.03 lacs,14.38 lacs,13.62 lacs,13.96 lacs,14.22 lacs,13.18 lacs,11.48 lacs,9.67 lacs,8.13 lacs,6.54 lacs,5.75 lacs,6.69 lacs,6.74 lacs
Slovenia,SVN,7.08 lacs,7.68 lacs,8.51 lacs,8.24 lacs,7.15 lacs,6.91 lacs,6.65 lacs,7.39 lacs,7.32 lacs,6.92 lacs,5.68 lacs,5.92 lacs,6.48 lacs,6.01 lacs,6.51 lacs,5.95 lacs,4.82 lacs,4.37 lacs,5.86 lacs,7.24 lacs,8.17 lacs,8.84 lacs,10.1 lacs,9.67 lacs,8.96 lacs,8 lacs,6.56 lacs,5.11 lacs,4.45 lacs,4.97 lacs,4.42 lacs
Sweden,SWE,3.24 lacs,5.72 lacs,9.33 lacs,9.58 lacs,8.9 lacs,9.55 lacs,10.36 lacs,8.94 lacs,7.61 lacs,5.47 lacs,4.73 lacs,4.97 lacs,5.55 lacs,6.69 lacs,7.49 lacs,7.07 lacs,6.16 lacs,6.23 lacs,8.35 lacs,8.61 lacs,7.8 lacs,7.98 lacs,8.05 lacs,7.95 lacs,7.43 lacs,6.99 lacs,6.72 lacs,6.36 lacs,6.83 lacs,8.29 lacs,8.66 lacs
Eswatini,SWZ,21.81 lacs,21.76 lacs,21.73 lacs,21.71 lacs,21.65 lacs,22.08 lacs,22.5 lacs,23.08 lacs,23.65 lacs,24.24 lacs,24.83 lacs,25.36 lacs,25.94 lacs,26.52 lacs,27.07 lacs,27.64 lacs,28.24 lacs,27.68 lacs,27.05 lacs,26.41 lacs,25.81 lacs,25.15 lacs,24.55 lacs,23.97 lacs,23.33 lacs,22.72 lacs,22.75 lacs,22.79 lacs,22.84 lacs,25.51 lacs,25.76 lacs
Syrian Arab Republic,SYR,6.75 lacs,7.03 lacs,7.4 lacs,7.5 lacs,7.2 lacs,7.29 lacs,7.39 lacs,7.45 lacs,7.6 lacs,9.6 lacs,11.63 lacs,10.93 lacs,10.28 lacs,9.54 lacs,8.85 lacs,8.17 lacs,8.42 lacs,10.94 lacs,8.14 lacs,8.61 lacs,8.7 lacs,8.81 lacs,8.83 lacs,8.72 lacs,8.71 lacs,8.73 lacs,8.75 lacs,8.76 lacs,8.77 lacs,10.26 lacs,10.57 lacs
Chad,TCD,0.68 lacs,0.68 lacs,0.7 lacs,0.69 lacs,0.72 lacs,0.73 lacs,0.75 lacs,0.76 lacs,0.79 lacs,0.81 lacs,0.81 lacs,0.83 lacs,0.84 lacs,0.84 lacs,0.87 lacs,0.91 lacs,0.93 lacs,0.94 lacs,0.96 lacs,0.96 lacs,1 lacs,1.01 lacs,1.03 lacs,1.05 lacs,1.07 lacs,1.1 lacs,1.12 lacs,1.13 lacs,1.12 lacs,1.74 lacs,1.88 lacs
East Asia & Pacific (IDA & IBRD countries),TEA,2.4 lacs,2.36 lacs,2.62 lacs,2.92 lacs,3 lacs,3.11 lacs,3.21 lacs,3.37 lacs,3.46 lacs,3.41 lacs,3.85 lacs,4.17 lacs,4.42 lacs,4.41 lacs,4.49 lacs,4.38 lacs,4.36 lacs,4.45 lacs,4.41 lacs,4.17 lacs,4.12 lacs,4.05 lacs,4.06 lacs,4.05 lacs,4.12 lacs,4.04 lacs,3.93 lacs,3.81 lacs,3.91 lacs,4.41 lacs,4.32 lacs
Europe & Central Asia (IDA & IBRD countries),TEC,5.97 lacs,6.37 lacs,7.09 lacs,8.47 lacs,9.47 lacs,10.09 lacs,10.73 lacs,11.61 lacs,12.01 lacs,11.25 lacs,10.84 lacs,10.67 lacs,10.38 lacs,10.11 lacs,9.42 lacs,8.62 lacs,7.52 lacs,7.29 lacs,8.94 lacs,8.56 lacs,8.02 lacs,7.53 lacs,7.59 lacs,7.66 lacs,7.63 lacs,7.45 lacs,7.09 lacs,6.69 lacs,6.78 lacs,7.4 lacs,7.27 lacs
Togo,TGO,3.66 lacs,3.71 lacs,3.79 lacs,3.7 lacs,3.76 lacs,3.79 lacs,3.81 lacs,3.91 lacs,3.93 lacs,3.98 lacs,4.02 lacs,4.05 lacs,4.08 lacs,4.16 lacs,4.22 lacs,4.23 lacs,3.8 lacs,3.34 lacs,2.88 lacs,2.43 lacs,1.98 lacs,2.03 lacs,2.09 lacs,2.14 lacs,2.2 lacs,2.97 lacs,3.74 lacs,3.73 lacs,3.72 lacs,3.94 lacs,4 lacs
Thailand,THA,2.63 lacs,1.35 lacs,1.49 lacs,1.35 lacs,1.1 lacs,1.07 lacs,0.87 lacs,3.4 lacs,2.97 lacs,2.39 lacs,2.6 lacs,1.82 lacs,1.54 lacs,1.51 lacs,1.35 lacs,1.22 lacs,1.18 lacs,1.18 lacs,0.95 lacs,0.62 lacs,0.66 lacs,0.58 lacs,0.25 lacs,0.58 lacs,0.6 lacs,0.69 lacs,0.83 lacs,0.77 lacs,0.72 lacs,1.1 lacs,1.42 lacs
Tajikistan,TJK,1.9 lacs,2.1 lacs,6.2 lacs,8.8 lacs,10.3 lacs,13.4 lacs,13.9 lacs,16.5 lacs,15.4 lacs,15.13 lacs,14.77 lacs,14.41 lacs,14.02 lacs,13.61 lacs,13.13 lacs,12.74 lacs,12.37 lacs,11.98 lacs,11.5 lacs,10.89 lacs,10.24 lacs,9.58 lacs,8.91 lacs,8.23 lacs,7.55 lacs,6.9 lacs,6.95 lacs,7.01 lacs,7.06 lacs,7.58 lacs,7.75 lacs
Turkmenistan,TKM,1.4 lacs,1.5 lacs,1.5 lacs,4.7 lacs,8.3 lacs,10.3 lacs,11 lacs,12.2 lacs,12.7 lacs,11.54 lacs,10.68 lacs,9.75 lacs,8.99 lacs,8.19 lacs,7.5 lacs,6.61 lacs,5.76 lacs,4.95 lacs,4 lacs,4 lacs,4.09 lacs,4.09 lacs,4.11 lacs,4.14 lacs,4.14 lacs,4.17 lacs,4.2 lacs,4.23 lacs,4.27 lacs,4.95 lacs,5.08 lacs
Latin America & the Caribbean (IDA & IBRD countries),TLA,5.99 lacs,5.93 lacs,5.94 lacs,6.44 lacs,7.65 lacs,8.03 lacs,7.86 lacs,8.26 lacs,9.18 lacs,9.08 lacs,8.79 lacs,9.04 lacs,8.93 lacs,8.42 lacs,7.96 lacs,7.33 lacs,6.88 lacs,6.52 lacs,7.51 lacs,6.83 lacs,6.5 lacs,6.42 lacs,6.37 lacs,6.18 lacs,6.68 lacs,7.8 lacs,8.09 lacs,7.98 lacs,8.04 lacs,10.2 lacs,10.09 lacs
Timor-Leste,TLS,3.54 lacs,3.53 lacs,3.52 lacs,3.54 lacs,3.53 lacs,3.51 lacs,3.56 lacs,3.61 lacs,3.93 lacs,3.41 lacs,3.37 lacs,3.57 lacs,3.52 lacs,3.48 lacs,3.44 lacs,3.49 lacs,3.34 lacs,3.32 lacs,3.31 lacs,3.3 lacs,3.55 lacs,3.76 lacs,4.02 lacs,4.21 lacs,4.45 lacs,4.66 lacs,4.76 lacs,4.73 lacs,4.51 lacs,4.91 lacs,5.07 lacs
Middle East & North Africa (IDA & IBRD countries),TMN,11.86 lacs,12.14 lacs,12.84 lacs,12.89 lacs,13.34 lacs,12.31 lacs,12.05 lacs,12.24 lacs,12.57 lacs,13.2 lacs,13.18 lacs,13.23 lacs,12.87 lacs,11.51 lacs,11.79 lacs,11 lacs,10.52 lacs,10.27 lacs,10.43 lacs,10.68 lacs,11.46 lacs,11.68 lacs,11.4 lacs,11.58 lacs,11.82 lacs,11.93 lacs,11.93 lacs,11.46 lacs,10.6 lacs,12.09 lacs,12.05 lacs
Tonga,TON,1.31 lacs,1.38 lacs,1.3 lacs,1.66 lacs,1.98 lacs,2.49 lacs,2.89 lacs,3.24 lacs,3.58 lacs,4.08 lacs,4.34 lacs,4.66 lacs,5.18 lacs,4.01 lacs,2.49 lacs,1.09 lacs,1.25 lacs,1.35 lacs,1.67 lacs,1.74 lacs,1.79 lacs,2.07 lacs,2.24 lacs,2.37 lacs,2.55 lacs,2.57 lacs,2.82 lacs,3.07 lacs,3.06 lacs,3.63 lacs,3.97 lacs
South Asia (IDA & IBRD),TSA,5.02 lacs,5.12 lacs,5.08 lacs,5.12 lacs,5.13 lacs,5.09 lacs,4.98 lacs,5.02 lacs,5.07 lacs,4.93 lacs,4.97 lacs,4.98 lacs,5.1 lacs,5.08 lacs,5.06 lacs,4.96 lacs,4.96 lacs,4.85 lacs,5.01 lacs,4.84 lacs,4.79 lacs,4.91 lacs,5.07 lacs,4.97 lacs,5.14 lacs,5.15 lacs,5.12 lacs,5.12 lacs,5.02 lacs,7.24 lacs,5.79 lacs
Sub-Saharan Africa (IDA & IBRD countries),TSS,6.51 lacs,6.58 lacs,6.6 lacs,6.59 lacs,6.58 lacs,6.6 lacs,6.63 lacs,6.62 lacs,6.69 lacs,6.67 lacs,6.65 lacs,6.77 lacs,6.65 lacs,6.35 lacs,6.22 lacs,6.12 lacs,5.95 lacs,5.65 lacs,5.67 lacs,6 lacs,5.93 lacs,5.85 lacs,5.71 lacs,5.79 lacs,5.82 lacs,6.24 lacs,6.47 lacs,6.48 lacs,6.61 lacs,7.28 lacs,7.66 lacs
Trinidad and Tobago,TTO,18.52 lacs,19.66 lacs,19.81 lacs,18.44 lacs,17.22 lacs,16.25 lacs,15.01 lacs,14.21 lacs,13.12 lacs,12.1 lacs,10.88 lacs,10.39 lacs,10.48 lacs,8.33 lacs,7.95 lacs,6.27 lacs,5.54 lacs,4.63 lacs,5.28 lacs,4.03 lacs,3.43 lacs,3.72 lacs,2.68 lacs,2.48 lacs,2.43 lacs,3.21 lacs,3.28 lacs,3.34 lacs,3.42 lacs,4.57 lacs,4.8 lacs
Tunisia,TUN,15.65 lacs,15.58 lacs,15.83 lacs,15.86 lacs,15.94 lacs,15.83 lacs,15.94 lacs,15.61 lacs,15.21 lacs,14.94 lacs,14.4 lacs,14.55 lacs,14.51 lacs,14.23 lacs,12.87 lacs,12.51 lacs,12.36 lacs,12.44 lacs,13.29 lacs,13.05 lacs,18.33 lacs,17.63 lacs,15.93 lacs,15.06 lacs,15.16 lacs,15.56 lacs,15.33 lacs,15.46 lacs,15.13 lacs,16.59 lacs,16.82 lacs
Turkiye,TUR,8.21 lacs,8.51 lacs,8.96 lacs,8.58 lacs,7.64 lacs,6.63 lacs,6.84 lacs,6.89 lacs,7.69 lacs,6.5 lacs,8.38 lacs,10.36 lacs,10.54 lacs,10.84 lacs,10.64 lacs,8.72 lacs,8.87 lacs,9.71 lacs,12.55 lacs,10.66 lacs,8.8 lacs,8.15 lacs,8.73 lacs,9.88 lacs,10.24 lacs,10.84 lacs,10.82 lacs,10.89 lacs,13.67 lacs,13.11 lacs,13.39 lacs
Tanzania,TZA,3.6 lacs,3.56 lacs,3.5 lacs,3.44 lacs,3.36 lacs,3.29 lacs,3.24 lacs,3.19 lacs,3.12 lacs,3.06 lacs,2.99 lacs,3.04 lacs,3.11 lacs,3.16 lacs,3.23 lacs,3.3 lacs,3.03 lacs,2.77 lacs,2.5 lacs,2.99 lacs,3.47 lacs,3.23 lacs,2.93 lacs,2.12 lacs,2.14 lacs,2.16 lacs,2.18 lacs,2.21 lacs,2.22 lacs,2.53 lacs,2.65 lacs
Uganda,UGA,0.94 lacs,0.92 lacs,1.16 lacs,1.42 lacs,1.65 lacs,1.92 lacs,2.21 lacs,2.47 lacs,2.71 lacs,3.03 lacs,3.27 lacs,3.5 lacs,3.6 lacs,2.75 lacs,1.9 lacs,2.29 lacs,2.73 lacs,3.15 lacs,3.6 lacs,3.59 lacs,3.51 lacs,3.55 lacs,1.91 lacs,1.91 lacs,1.91 lacs,1.92 lacs,1.93 lacs,1.92 lacs,1.92 lacs,2.77 lacs,2.94 lacs
Ukraine,UKR,1.9 lacs,1.9 lacs,2 lacs,2 lacs,5.62 lacs,7.65 lacs,8.93 lacs,11.32 lacs,11.86 lacs,11.71 lacs,11.06 lacs,10.14 lacs,9.06 lacs,8.59 lacs,7.18 lacs,6.81 lacs,6.35 lacs,6.36 lacs,8.84 lacs,8.1 lacs,7.85 lacs,7.53 lacs,7.17 lacs,9.27 lacs,9.14 lacs,9.35 lacs,9.5 lacs,8.8 lacs,8.19 lacs,9.13 lacs,8.88 lacs
Upper middle income,UMC,3.82 lacs,3.87 lacs,4.19 lacs,4.62 lacs,5.01 lacs,5.18 lacs,5.34 lacs,5.61 lacs,5.76 lacs,5.52 lacs,5.77 lacs,6.05 lacs,6.22 lacs,6.01 lacs,5.93 lacs,5.7 lacs,5.45 lacs,5.49 lacs,5.99 lacs,5.67 lacs,5.54 lacs,5.48 lacs,5.49 lacs,5.49 lacs,5.66 lacs,5.9 lacs,5.93 lacs,5.77 lacs,6 lacs,6.76 lacs,6.76 lacs
Uruguay,URY,8.95 lacs,8.96 lacs,8.35 lacs,9.04 lacs,10.02 lacs,11.93 lacs,11.44 lacs,9.36 lacs,10.47 lacs,12.63 lacs,15.05 lacs,16.65 lacs,16.66 lacs,12.98 lacs,12.01 lacs,10.84 lacs,9.4 lacs,8.03 lacs,7.74 lacs,7.16 lacs,6.31 lacs,6.45 lacs,6.44 lacs,6.55 lacs,7.49 lacs,7.84 lacs,7.89 lacs,8.34 lacs,8.88 lacs,10.35 lacs,10.45 lacs
United States,USA,6.8 lacs,7.5 lacs,6.9 lacs,6.12 lacs,5.65 lacs,5.45 lacs,5 lacs,4.51 lacs,4.22 lacs,3.99 lacs,4.73 lacs,5.78 lacs,5.99 lacs,5.53 lacs,5.08 lacs,4.62 lacs,4.62 lacs,5.78 lacs,9.25 lacs,9.63 lacs,8.95 lacs,8.07 lacs,7.37 lacs,6.17 lacs,5.28 lacs,4.87 lacs,4.36 lacs,3.9 lacs,3.67 lacs,8.05 lacs,5.46 lacs
Uzbekistan,UZB,1.9 lacs,2.9 lacs,4.9 lacs,7.3 lacs,7.8 lacs,10.7 lacs,10.9 lacs,13.3 lacs,13.3 lacs,12.23 lacs,11.2 lacs,10.15 lacs,9.11 lacs,8.19 lacs,7.09 lacs,6.03 lacs,4.99 lacs,4.89 lacs,5 lacs,5.4 lacs,5 lacs,4.9 lacs,4.9 lacs,5.1 lacs,5.2 lacs,5.2 lacs,5.8 lacs,5.84 lacs,5.85 lacs,7.04 lacs,7.16 lacs
St. Vincent and the Grenadines,VCT,19.77 lacs,19.69 lacs,19.74 lacs,20.19 lacs,19.99 lacs,20.38 lacs,20.44 lacs,20.57 lacs,20.77 lacs,20.95 lacs,21.1 lacs,20.59 lacs,20.21 lacs,20.02 lacs,19.75 lacs,19.23 lacs,19.06 lacs,18.79 lacs,18.96 lacs,19.05 lacs,18.99 lacs,18.97 lacs,18.99 lacs,19.05 lacs,19.09 lacs,19.11 lacs,19.18 lacs,19.18 lacs,19.28 lacs,21 lacs,21.62 lacs
"Venezuela, RB",VEN,9.45 lacs,7.69 lacs,6.6 lacs,8.56 lacs,10.24 lacs,11.77 lacs,11.16 lacs,11.15 lacs,14.53 lacs,13.99 lacs,13.04 lacs,16.17 lacs,16.78 lacs,15.07 lacs,10.66 lacs,8.61 lacs,7.28 lacs,6.25 lacs,6.1 lacs,7.11 lacs,6.9 lacs,6.6 lacs,7.54 lacs,6.86 lacs,6.08 lacs,5.32 lacs,5.05 lacs,5.02 lacs,5.1 lacs,6.63 lacs,6.41 lacs
Virgin Islands (U.S.),VIR,12.35 lacs,12.51 lacs,12.7 lacs,12.47 lacs,12.13 lacs,12.21 lacs,12.12 lacs,11.86 lacs,11.5 lacs,11.11 lacs,11.08 lacs,11.19 lacs,11.36 lacs,11.05 lacs,10.96 lacs,10.41 lacs,10.19 lacs,10.31 lacs,11.58 lacs,11.73 lacs,12.08 lacs,12.23 lacs,12.76 lacs,12.79 lacs,12.62 lacs,12.68 lacs,12.32 lacs,12.43 lacs,12.47 lacs,13.55 lacs,13.27 lacs
Vietnam,VNM,2.09 lacs,1.91 lacs,1.97 lacs,1.93 lacs,1.9 lacs,1.93 lacs,2.87 lacs,2.29 lacs,2.33 lacs,2.26 lacs,2.76 lacs,2.12 lacs,2.25 lacs,2.14 lacs,2.1 lacs,2.09 lacs,2.03 lacs,1.93 lacs,1.74 lacs,1.11 lacs,1 lacs,1.03 lacs,1.32 lacs,1.26 lacs,1.85 lacs,1.85 lacs,1.87 lacs,1.16 lacs,2.04 lacs,2.39 lacs,2.17 lacs
Vanuatu,VUT,1.68 lacs,1.69 lacs,1.73 lacs,1.59 lacs,1.74 lacs,1.72 lacs,1.68 lacs,1.76 lacs,1.78 lacs,,1.88 lacs,1.92 lacs,1.74 lacs,1.75 lacs,1.73 lacs,1.68 lacs,1.79 lacs,1.75 lacs,1.81 lacs,1.85 lacs,1.81 lacs,1.85 lacs,1.86 lacs,1.81 lacs,1.86 lacs,1.78 lacs,1.75 lacs,1.81 lacs,1.8 lacs,2.12 lacs,2.18 lacs
World,WLD,4.8 lacs,4.96 lacs,5.23 lacs,5.49 lacs,5.63 lacs,5.7 lacs,5.7 lacs,5.86 lacs,5.97 lacs,5.77 lacs,5.86 lacs,6.07 lacs,6.16 lacs,6 lacs,5.9 lacs,5.63 lacs,5.42 lacs,5.41 lacs,6.01 lacs,5.9 lacs,5.77 lacs,5.74 lacs,5.73 lacs,5.6 lacs,5.62 lacs,5.66 lacs,5.56 lacs,5.39 lacs,5.36 lacs,6.57 lacs,6.18 lacs
Samoa,WSM,2.1 lacs,2.38 lacs,2.63 lacs,3.04 lacs,3.19 lacs,3.47 lacs,3.9 lacs,4.18 lacs,4.48 lacs,4.66 lacs,4.96 lacs,5.1 lacs,5.16 lacs,5.22 lacs,5.29 lacs,5.42 lacs,5.36 lacs,5.58 lacs,5.83 lacs,5.73 lacs,5.68 lacs,8.75 lacs,8.67 lacs,8.72 lacs,8.5 lacs,8.31 lacs,8.58 lacs,8.69 lacs,8.41 lacs,9.15 lacs,9.84 lacs
"Yemen, Rep.",YEM,8.32 lacs,8.31 lacs,8.35 lacs,8.34 lacs,8.96 lacs,9.59 lacs,10.2 lacs,10.81 lacs,11.46 lacs,11.56 lacs,11.71 lacs,11.84 lacs,11.97 lacs,12.1 lacs,12.21 lacs,12.37 lacs,12.49 lacs,12.62 lacs,12.75 lacs,12.83 lacs,13.23 lacs,13.17 lacs,13.27 lacs,13.47 lacs,13.77 lacs,13.43 lacs,13.3 lacs,13.15 lacs,13.06 lacs,13.39 lacs,13.57 lacs
South Africa,ZAF,29.95 lacs,29.98 lacs,29.92 lacs,29.89 lacs,29.89 lacs,29.87 lacs,29.91 lacs,29.95 lacs,29.91 lacs,29.88 lacs,30.69 lacs,33.29 lacs,32.31 lacs,29.45 lacs,29.12 lacs,28.34 lacs,26.54 lacs,22.41 lacs,23.52 lacs,24.68 lacs,24.64 lacs,24.73 lacs,24.56 lacs,24.89 lacs,25.15 lacs,26.54 lacs,27.04 lacs,26.91 lacs,28.47 lacs,29.22 lacs,33.56 lacs
Zambia,ZMB,18.9 lacs,19.37 lacs,19.7 lacs,18.43 lacs,16.81 lacs,15.3 lacs,13.64 lacs,12 lacs,12.44 lacs,12.93 lacs,13.51 lacs,14.12 lacs,14.69 lacs,15.3 lacs,15.9 lacs,13.24 lacs,10.59 lacs,7.93 lacs,10.56 lacs,13.19 lacs,10.55 lacs,7.85 lacs,8.61 lacs,9.36 lacs,10.13 lacs,10.87 lacs,11.63 lacs,12.01 lacs,12.52 lacs,12.85 lacs,13.03 lacs
Zimbabwe,ZWE,4.94 lacs,4.99 lacs,4.97 lacs,4.96 lacs,5.63 lacs,6.25 lacs,6.93 lacs,6.46 lacs,6 lacs,5.69 lacs,5.36 lacs,5.06 lacs,4.75 lacs,4.39 lacs,4.54 lacs,4.68 lacs,4.83 lacs,5.01 lacs,5.08 lacs,5.21 lacs,5.37 lacs,5.15 lacs,4.98 lacs,4.77 lacs,4.78 lacs,4.79 lacs,4.78 lacs,4.8 lacs,4.83 lacs,5.35 lacs,5.17 lacs
